poi_id,name,lon,lat,connect_to,connect_type,d_branch
B0J0VUTIMI,京东2期物流园,117.352522,39.190564,3-8,edge,1547.3123595979976
B0FFJ3XKRR,通力物流园,117.377057,39.225172,3-8,edge,2501.936043232045
B0FFHCKA8O,天津树森物流公司,117.468186,39.103874,3-7,edge,2733.5520208095254
B0L3MUL37S,顺心物流,117.379425,39.224025,3-8,edge,2590.183616458863
B0016115VE,天津天纺物流有限公司,117.345742,39.091588,0,center,3152.443274008424
B0FFGLLR4C,宜家物流分拨中心,117.455172,39.104031,3-7,edge,1693.095631350781
B0FFGFVRW3,天津全程物流配送有限公司,117.325917,39.201756,8-9,edge,1454.9839446428562
B0FFJMKI5D,巨邦物流中心,117.248479,39.187571,8-9,edge,1106.8623603182316
B0FFG8PFBB,荣明达物流,117.288284,39.190475,8-9,edge,633.2811512241184
B0016151L6,神州通物流园,117.413214,39.123002,3-7,edge,921.0010902162585
B001617LDT,盛泰物流,117.34526,39.092605,0,center,3099.4700293165874
B0FFIBDWAD,古镇物流园,117.446414,39.038031,7,center,2482.28470018391
B001617LEA,立业物流园,117.444855,39.043597,7,center,1989.5763985017957
B0FFK8H551,北方万邦物流有限公司天津分公司,117.462362,39.055071,7,center,612.3485102071897
B0GR3RK0J7,晟赫物流,117.473529,39.112415,3-7,edge,3498.374243389629
B0FFHEBKA7,巨邦物流中心西院,117.247552,39.188536,8-9,edge,1240.5928256991074
B0J2A568WY,中外运物流公司空港分发中心,117.460443,39.116708,3-7,edge,2628.2251421281508
B0L1ZAKVBD,蓝页物满满·全国物流专线查询平台(天津分公司),117.38767,39.226553,3-8,edge,3316.6550069885075
B0H1CH3QSG,安能物流(港城大道店),117.479001,39.110718,3-7,edge,3870.9615299169004
B0FFKMFC75,杨北路物流园,117.353583,39.225055,3-8,edge,938.1108696593241
B0G2AC5RUU,旭阳升物流(鑫旺居家居装饰有限公司),117.388077,39.225454,3-8,edge,3267.2260818417153
B0JDDNWA6B,振东物流集团,117.256519,39.180857,8-9,edge,122.23169671839229
B0LAD58E06,泰昌物流,117.355025,39.224883,3-8,edge,1004.260073528126
B0G14ADSDZ,跨越速运天津东丽分拨,117.370394,39.170306,3-8,edge,1731.475397464758
B001617ENJ,天津利达物流服务有限公司,117.455682,39.052833,7,center,669.8911346075386
B0FFL45C3I,嘉士普物流,117.387263,39.226042,3-8,edge,3253.379510326899
B0FFICG921,荣顺昌物流,117.355515,39.22976,3-8,edge,1359.9844569051254
B0FFKFB8C1,中通快递天津转运中心,117.446165,39.124947,3-7,edge,1810.7508230046546
B001611O6P,鑫汇洋物流公司,117.25889,39.194793,8-9,edge,1248.3803878931146
B0FFGQL1ZP,蚁安居天津军粮城物流中心,117.455916,39.042173,7,center,1846.8554789796444
B0KU15TDX4,建发钢铁,117.461786,39.110697,3-7,edge,2490.015050112114
B0FFJGFL7G,宇鑫物流天津东丽区营业部,117.355787,39.228918,3-8,edge,1319.5391448561027
B0JAU7R290,圆创物流,117.355156,39.227822,3-8,edge,1204.6029005509915
B0FFHCTPO0,韵达快递(天津分拨中心),117.464845,39.134646,3-7,edge,3701.9154513854887
B0GRSHC5DA,天津宇洋顺通物流有限公司,117.357035,39.230739,3-8,edge,1530.2314414179027
B0FFLHUZ8I,瀛海物流(杨北路建材城店),117.354799,39.228884,3-8,edge,1250.172135115482
B0016153Q1,津亚物流园,117.350083,39.226831,3-8,edge,794.9909464582405
B0JGF7M6AN,东丽区荣原物流(河南专线),117.356101,39.226151,3-8,edge,1171.2527757470566
B0FFGXVZF4,军粮城东铁物流公司,117.440295,39.0456,7,center,2060.18470992878
B0HKV554JY,德邦快递(天津东丽区振东经营分部),117.25529,39.187612,8-9,edge,776.5144882795122
B0FFGHUDTN,振东物流中心,117.250954,39.189355,8-9,edge,1167.0069852553875
B0HKDR3J25,天津市振东展运货运有限公司,117.355475,39.225025,3-8,edge,1042.1562937792212
B0FFJXXIYH,宇佳乡村通物流(天津总部),117.356927,39.227202,3-8,edge,1300.6806356999543
B00160DTIQ,普洛斯天津空港物流园,117.389011,39.135593,3-7,edge,2350.019809442752
B0G23SD4JX,天津九邦货运有限公司,117.433769,39.132742,3-7,edge,1152.3709558952996
B0FFLEXEK0,宝隆物流,117.243038,39.187807,8-9,edge,1399.8233938339297
B0FFLH2V0Y,韩明物流园,117.355844,39.223064,3-8,edge,921.2740758763168
B0FFMGLV5R,普洛斯东丽华明物流园,117.369466,39.168359,3-8,edge,1920.3743228953313
B0HGCZIGI9,全拓物流,117.353858,39.228177,3-8,edge,1137.7257718953604
B0H0XC4ORI,妈妈驿站(驯海路店),117.343945,39.087719,0,center,3082.336145614704
B0FFK1QZ5T,常佳物流,117.354426,39.229027,3-8,edge,1235.7221393580892
B0FFGBYWHN,天津市通广物流有限公司,117.290784,39.196811,8-9,edge,192.7075815013909
B001616UZB,国药控股天津物流有限公司,117.422639,39.146678,3-7,edge,801.4421277702438
B0GRD5IAZX,壹米滴答快运北方五金城营业部(慧捷路店),117.276409,39.196249,8-9,edge,521.6864923001216
B00160AQLK,天津邮政物流中心,117.335955,39.110603,0,center,2870.663444903673
B0FFL8DTJ3,天津货运中心张贵庄货场,117.310497,39.098276,0,center,377.50144776609943
B0J0KHWWRC,天禾电通仓储物流中心,117.344905,39.090962,0,center,3090.034396212251
B0JGUSCRNE,晨星物流(原东腾),117.248108,39.185108,8-9,edge,932.3599267143138
B0HA6H8XXD,鑫元思达物流杭州宁波专线,117.356309,39.231087,3-8,edge,1509.53675887106
B0FFHGN7I9,北京康捷空国际货运代理有限公司滨海新区分公司,117.382004,39.159332,3-8,edge,1695.9157613681791
B0FFGI6RKW,天津货运中心北环营业部,117.305417,39.187881,8-9,edge,1703.5057896264052
B0H1X41YO6,世鑫盛货运中心,117.284731,39.128091,0-4,edge,1605.9893095860173
B0HAKBH5G2,天津市圣道物流有限公司,117.289873,39.199582,8-9,edge,140.50150147329745
B0G246BGAJ,天津市广会通物流有限公司,117.390679,39.222148,3-8,edge,3216.686946433497
B0KDSGVIJG,天津苏宁物流有限公司,117.433081,39.137125,3-7,edge,1275.0801088600404
B0GRAD3KOM,永信物流,117.292759,39.204198,8-9,edge,416.9416508118054
B0FFIR3R50,亨达物流(津芦线店),117.355125,39.223175,3-8,edge,879.6475348836655
B0HKUSUWC6,物产中大物流天津汇金库,117.385124,39.131623,3-7,edge,2827.890737005716
B0I26HJAIO,津汇航物流(上海专线),117.355077,39.225435,3-8,edge,1053.4131375381542
B0FFG5BDKZ,北盛伟业低温运输有限公司,117.259461,39.195659,8-9,edge,1309.4515133772156
B0FFH6GIDR,菜鸟驿站(闽中路店),117.242189,39.191574,8-9,edge,1798.3935021798945
B0FFITK2LF,宝供(天津)国际物流基地,117.430405,39.125841,3-7,edge,604.6419946262619
B0016112BF,天津宝仓钢管物流有限公司,117.449658,39.038441,7,center,2348.5047509386336
B0FFGSY7KY,天津市物流货运中心金钟物流园,117.292253,39.199446,8-9,edge,160.2406754941796
B0FFLGQ6ZY,民航小区航七妈妈驿站,117.348184,39.107559,0,center,3621.482398490389
B0H335UT7A,诺信达,117.354758,39.231069,3-8,edge,1413.7184481025506
B0J6AZUMCI,妈妈驿站(华明便民服务中心店),117.367701,39.173372,3-8,edge,1695.969763012764
B0FFGI6KTR,天津天纺高新物流有限公司(中环南路),117.430613,39.12865,3-7,edge,711.1208662860926
B0FFJ81MLY,蓝盟供应链,117.388834,39.222389,3-8,edge,3113.035823261375
B0FFLFK83S,万昌物流石家庄专线,117.353893,39.232334,8,center,1432.4917154311229
B0FFMBYZJZ,天津津山汉物流有限公司,117.371423,39.223461,3-8,edge,2011.252531712796
B0FFJLJ5CF,鼎盛物流(杨北路建材城店),117.356675,39.228925,3-8,edge,1381.888058022748
B0J0V7TN6A,天津嘛都行货运司机之家,117.351694,39.083332,0,center,3866.903394050934
B0G01CRZYY,富鑫物流(石家庄专线),117.354268,39.231458,8,center,1410.6088900343107
B0G1TCX2J3,本源电动车物流园,117.254393,39.187824,8-9,edge,846.9575344181602
B0GDF5X912,中外运冷链物流(天津)有限公司,117.411284,39.127087,3-7,edge,912.7683676160055
B0FFH8KHV4,天津航空物流区,117.338391,39.119295,0,center,3679.39481535415
B00160CK68,大家乐物流,117.255145,39.188827,8-9,edge,888.6691884746793
B0FFIAS6JX,云淼安顺物流,117.355483,39.231614,3-8,edge,1500.6407319828656
B0JRXZ7JBB,斯通达物流(天津)有限公司,117.44712,39.045144,7,center,1741.524947372754
B0JDBS8PQ3,盛泰物流院内6号库,117.342768,39.093617,0,center,2877.1313818719805
B0FFLFK225,天津通迈达物流,117.354375,39.223175,3-8,edge,830.454235854198
B0IG9HCFOL,壹米滴答(空港营业部),117.393283,39.129743,3-7,edge,2255.272289835356
B00160A0IV,东堼铁路储运公司,117.469506,39.052559,7,center,1274.2755902814347
B0JKC9IB9R,好速来数智物流天津仓,117.351123,39.189778,3-8,edge,1694.8827241648444
B0FFIR58DT,天津市龙汉达物流有限公司,117.355434,39.232114,8,center,1533.7913942405821
B0FFLI1885,腾龙物流江苏专线,117.357007,39.231309,3-8,edge,1570.4158332129218
B0FFIMFI88,鼎顺鹏华物流,117.354157,39.231915,8,center,1427.4119760929395
B0FFGK7FU4,快时达空运,117.344952,39.091106,0,center,3091.7763203853206
B0J177CTJK,建凯物流,117.355118,39.227423,3-8,edge,1177.6890316158633
B0G0THF8R5,天津市永安快运物流有限公司,117.356308,39.229022,3-8,edge,1362.4734308931052
B0FFI1N70W,顺丰速运(军粮城店),117.447259,39.04509,7,center,1740.8603305965796
B0LKBXV0L8,顺丰速运(华明家园店),117.394414,39.164981,3-8,edge,464.9679593541031
B0FFGC279B,天津易客满国际物流有限公司,117.333444,39.115344,0,center,3067.135845816673
B0HBU7Y3XT,天津方圆物流有限公司,117.353615,39.22903,3-8,edge,1183.8293528650136
B0JBCRG7XJ,中原新创物流(东丽站),117.354138,39.225388,3-8,edge,996.6516119528693
B0FFGKIHJN,中国移动通信集团华北大区物流中心,117.434151,39.105775,3-7,edge,66.03045980256682
B0JRMMO9J8,七星国际物流,117.3399,39.110092,0,center,3117.3729932796923
B0JAZ77S4R,萌萌物流廊坊专线,117.356033,39.225872,3-8,edge,1144.0895787651218
B0FFH91PIJ,天津飞虎物流有限公司,117.341836,39.102506,0,center,2915.414114172721
B0K0THOQWZ,天津三志物流分拨中心,117.354139,39.225859,3-8,edge,1018.9008337635404
B0JRNUADBD,顺丰速运(新立街店),117.350878,39.083254,0,center,3803.580455531283
B0GU4SSTMV,天津市宝利通物流有限公司,117.353659,39.231478,8,center,1365.9017228281468
B0FFLFELQM,天津凌宇物流,117.357027,39.232644,3-8,edge,1675.2868183538276
B0G13U1VBE,天津市东丽区魏王储运有限公司,117.452388,39.039178,7,center,2214.673898636758
B0GUJ4OQIB,顺丰速运(登州路店),117.300773,39.135819,0-4,edge,3126.433315274455
B0GKNM7BYD,利腾达物流,117.353868,39.231926,8,center,1406.6768721220838
B0FFJD268R,汇百和物流,117.249407,39.187671,8-9,edge,1068.285302948248
B0IRRCFISZ,顺丰速运(中心大道店),117.405487,39.1436,3-7,edge,743.6322225578724
B0FFMF2X85,徐庄子振东物流,117.255547,39.187068,8-9,edge,717.2589303279744
B0FFLFC1HE,博仕达物流青岛专线,117.354319,39.231699,8,center,1427.4647714389632
B0FFLA7UEM,顺丰速运(瑞航店),117.392596,39.157402,3-8,edge,1111.9942435614703
B0016112AX,东铁物流,117.446737,39.049869,7,center,1332.806412231927
B0J2CLZKM7,猛犸(天津)国际物流有限公司,117.353893,39.231084,8,center,1362.4952038797776
B0G35UUM65,顺丰速运(新中村店),117.282216,39.208344,8-9,edge,1317.1543031277777
B0GUVGVBW6,中通快递(河东七部),117.3139,39.117349,0-4,edge,2203.2972743843416
B0JG2MAT7F,天津晨光领航达物流德州宁津专线,117.354719,39.226526,3-8,edge,1097.5085745769902
B0GU9ZUGPN,轩轩物流沧州廊坊全境,117.354697,39.229304,3-8,edge,1273.5237722229624
B0J0FSPEQG,洲能物流,117.303784,39.226878,8-9,edge,1934.8252891296922
B0LRNSKC9O,顺丰速运(天津主仓营业部),117.389012,39.135993,3-7,edge,2333.1961106138965
B0FFKXRPIA,天津佳宝双赢物流有限公司,117.35505,39.22982,3-8,edge,1334.3261388658827
B0LGN9X0Z6,佳吉快运(徐庄路店),117.251477,39.189378,8-9,edge,1148.230674451122
B0FFF47UOP,天津市全鑫运输队(金河家园西),117.278004,39.203469,8-9,edge,1085.338168363787
B0FFHQ1GH6,老圆通,117.415741,39.107717,3-7,edge,1353.4069490285874
B0FFIN51Z6,顺丰速运(融创城店),117.306519,39.115578,0-4,edge,1648.9666265354897
B0G2RAI2NS,长吉物流营口专线,117.355113,39.232279,8,center,1518.9057506250952
B0ID7UAOTY,天津湘商贸易食材配送中心,117.247311,39.185593,8-9,edge,1014.4565607057448
B0JAVX3NQR,菜鸟驿站(嘉春园店),117.300239,39.105538,0-4,edge,487.8671664224587
B0FFKZVIOT,菜鸟驿站(天津金河家园33号楼旁存车处店),117.280537,39.205848,8-9,edge,1200.8672748494641
B0FFL94KNH,天津晶鑫物流有限公司,117.356535,39.228046,3-8,edge,1317.9059775098603
B0I0AX780I,菜鸟驿站(上东金茂智慧科学城一期店),117.291815,39.113414,0-4,edge,695.7143811997827
B0FFGMG81C,中国航油集团津京管道运输有限责任公司(进场路南一道),117.338568,39.117276,0,center,3528.5609314055278
B0L0OUIVJI,顺丰速运(机场店),117.33746,39.120958,0,center,3765.334034135616
B0FFIPKVQR,吉顺和物流,117.35546,39.228813,3-8,edge,1290.0321815869922
B0FFM8XZH6,中国邮政,117.338884,39.168908,3-8,edge,3958.219783304792
B0FFKTRKQ5,壹米滴答(跃进路店),117.288095,39.20599,8-9,edge,843.317793283593
B0J30U3SCV,顺丰速运(华新街店),117.422834,39.163381,3-7,edge,1512.8098187205671
B0FFL8FCPB,天津市阳光物流有限公司(江苏安徽专线),117.356325,39.230059,3-8,edge,1434.707066288705
B0FFGI7HYD,安捷物流,117.289192,39.19024,8-9,edge,686.5757101183771
B0016115M3,万利运输公司,117.343213,39.075081,0,center,3656.8979529285243
B0GKSUMTZV,唐山智通专线,117.356638,39.230335,3-8,edge,1475.0860279920153
B0FFKWBI14,快递驿站,117.343953,39.087719,0,center,3083.002502102714
B0KGTSCW0O,顺丰速运(保利店),117.265972,39.162177,8-9,edge,2072.370566231103
B0FFKQKLRI,菜鸟驿站(黄岩里北区店),117.301732,39.089293,0,center,919.6323843738292
B0FFM4ENM7,鸿裕物流,117.378225,39.225803,3-8,edge,2624.2942109132405
B0GR3SIK3L,天津滨海东旺运输有限公司,117.442575,39.050825,7,center,1532.7832711790822
B0FFLFGGQO,天津三合旺物流有限公司,117.35517,39.231895,8,center,1502.0926977933968
B0JGRA2226,佳博物流,117.356543,39.226867,3-8,edge,1254.242595946733
B0HUCOUKGI,菜鸟驿站(丽秀华庭店),117.324975,39.077475,0,center,2361.411190790364
B0FFH8HQ98,中国邮政(华明邮政所),117.393379,39.171062,3-8,edge,117.97895358355403
B0JK7CO4JQ,菜鸟速递天津万新站,117.299993,39.136438,0-4,edge,3135.00401234528
B0J0NHFO49,宝航(天津)仓储分拨中心,117.354418,39.226933,3-8,edge,1097.735023014756
B001616UZC,天津木村进和物流有限公司,117.424379,39.14705,3-7,edge,955.5409884544496
B0J3YHC9DE,天津华鑫诺物流有限公司,117.445732,39.039857,7,center,2319.30150971555
B0G0J5JAG7,天津恒源顺通物流有限公司,117.355875,39.228825,3-8,edge,1319.4458475926206
B0FFJKXK5W,菜鸟驿站(天津东丽区徐庄子店),117.256817,39.185025,8-9,edge,484.70625395830206
B0FFJGLBE7,菜鸟驿站(昆俞欣园店),117.28944,39.1655,8-9,edge,2938.5924428593867
B0G2C7A4KT,天津市盛达物流庄河专线,117.353975,39.232425,8,center,1443.9068197133454
B0H3TXOXS0,菜鸟驿站(橡树湾仰润轩店),117.4005,39.17333,3-8,edge,545.7037910421129
B0HGU5FHN2,天津市津南区川宇物流有限公司,117.435572,39.057126,3-7,edge,1796.025974032452
B0JAYUGHRG,天津赛昕物流,117.354475,39.223825,3-8,edge,886.3851697924141
B0FFKBVX9E,菜鸟驿站(悦和里店),117.258626,39.20358,8-9,edge,2059.7909510089626
B0KDG5HS5O,久远物流天津分公司,117.405496,39.176732,3-8,edge,1103.1589336580214
B0GKS5LBR7,冯岩顺通,117.356503,39.228856,3-8,edge,1365.355440209984
B0FFHA2BXF,叶水福天津空港物流园(东区),117.373823,39.15338,3-8,edge,2655.5705181302064
B0HRVOE9TL,极兔速递天津东丽大毕庄网点(金河家园店),117.279085,39.208318,8-9,edge,1483.443770493436
B0KUJXN69I,菜鸟驿站(仁欣家园店),117.410526,39.07017,3-7,edge,3280.723593665643
B0IKKAQ1JA,尚妍养生,117.401025,39.149875,3-7,edge,806.050790273399
B0IUGAKPIW,康吉医疗器械,117.328224,39.088629,0,center,1765.256443605048
B0IUTH4DEV,天津西图之美医疗器械科技有限公司,117.393212,39.129074,3-7,edge,2282.3457855796673
B0KRJ1BN61,乾亿医疗器械(天津店),117.395946,39.146807,3-7,edge,1343.0178914611633
B0016164IH,中国外运华北有限公司,117.213703,39.117424,1-2,edge,714.3263554630965
B0J3T5LYC8,天津外代货运有限公司,117.216225,39.119825,1-4,edge,613.3089923959711
B001611OMC,顺丰速运(荣业大街店),117.185422,39.126695,1-6,edge,717.1330978629009
B0FFG07M5G,顺丰速运(大沽北路店),117.211461,39.122144,1-4,edge,372.1086477090553
B0G3M7ZKLU,顺丰速运(新华路店),117.193535,39.126053,1-6,edge,343.4309769209273
B0FFIDRRTY,德邦快递(天津和平区河南路经营分部),117.193189,39.125167,1-5,edge,284.17206355590616
B0GDU97BXE,菜鸟驿站(鸿记里小区店),117.195768,39.124985,1,center,235.95077087539485
B00160DB0C,中国邮政(山西路邮政所),117.202048,39.119535,1-2,edge,250.50096052838134
B001616681,汉阳道邮政所,117.192171,39.11316,1-5,edge,747.7413791553553
B0IUP71Q0F,中国邮政(开封道邮政所),117.217201,39.115332,1-2,edge,886.7679211982146
B0K3MCSUSA,顺丰速运(西康路店),117.18752,39.106266,1-5,edge,1001.8592448873446
B0IUCGJ7NB,顺丰速运(海信广场店),117.217729,39.117786,1-4,edge,834.1807212732723
B0JRN5DXXT,顺丰速运(昆明路店),117.180717,39.109803,1-5,edge,367.19230208300166
B0G2UH3LO9,宜昌南里熊猫驿站,117.187868,39.107444,1-5,edge,929.6228437704101
B0FFMETJ52,菜鸟驿站(树德里店),117.186749,39.114319,1-5,edge,290.5467223212471
B0FFHD8BMS,菜鸟驿站(天津建津里15号增1号店),117.182832,39.111633,1-5,edge,300.20907270353064
B0FFH5PT0M,菜鸟驿站(卫华里小区店),117.182573,39.103155,1-5,edge,974.9543036064996
B0FFH44P05,佳怡国际,117.179952,39.110524,1-5,edge,279.61857958766035
B0FFF6X4Y2,申通快递(世昌里小区店),117.189947,39.116265,1-5,edge,360.94725255353194
B0FFF5773L,申通快递(同安道分点),117.183816,39.102464,1-5,edge,1103.416739557625
B0016072CJ,中国邮政(滨江道支局),117.202477,39.12786,1-9,edge,284.178126356776
B0L1TS3DCH,顺丰速运(赛顿快递服务中心),117.194,39.106,1-5,edge,1404.637210139037
B0K62SAY7V,极兔速递(天津和平吴家窑网点),117.189635,39.112344,1-5,edge,621.742861564039
B0FFHNKRNM,菜鸟驿站(吴家窑二号路店),117.191125,39.104325,1-5,edge,1372.305415517531
B0FFGZGPNJ,中通快递(金伦公寓店),117.182398,39.12474,1-5,edge,823.6681846913342
B0FFHR1GZ5,中国邮政(宜昌道邮政所),117.187409,39.108282,1-5,edge,838.932350883198
B0HUJO2EB9,菜鸟驿站(天津和平区明筑轩2号楼底商店),117.18174,39.12712,1-6,edge,874.4243076252048
B0I2OXV0A7,菜鸟驿站(新汇华庭店),117.187625,39.134925,1-6,edge,269.47822864144484
B0IA3XKSIV,圆通妈妈驿站(蓉芳里小区店),117.186089,39.128121,1-6,edge,550.1732979436625
B0JUHHTNW2,天津圣世特物流有限公司,117.198525,39.118525,1-2,edge,424.5611362510167
B0GROL6XLZ,菜鸟驿站(天津市哈密道115号店),117.193084,39.123121,1-5,edge,73.64884477925413
B0G1958IJC,菜鸟驿站(吉利花园店),117.192094,39.117722,1-5,edge,323.4981576326948
B0GDX9RKLI,菜鸟驿站(银行里小区店),117.183284,39.109858,1-5,edge,460.71180430517205
B0IAVAE26V,圆通速递(昆明路店),117.18996,39.116836,1-5,edge,299.4632407103467
B0M6F11I1P,天津医科大学总医院第二住院楼快递柜,117.183925,39.118125,1-5,edge,214.90320672121572
B0FFMHL26X,菜鸟驿站(华荫东里店),117.197416,39.114974,1-2,edge,655.2278091844483
B0FFFP3NEA,连发搬家物流有限公司,117.205709,39.128729,1-4,edge,355.03492417977856
B0FFH81J8V,菜鸟驿站(宜昌北里店),117.1878,39.10895,1-5,edge,822.0969008353561
B0L03RCUQX,中国邮政(宜昌道支行),117.188667,39.109876,1-5,edge,794.9722965218691
B001606C1T,阳明海运股份有限公司,117.197555,39.117805,1-2,edge,538.1829598706673
B0LKRB5AL6,丰巢快递柜(南京路站),117.210975,39.116625,1-2,edge,480.9541538717128
B0LK7Z2JV4,丰巢快递柜(天津医科大学总医院2号门丰巢速递易柜5号),117.18496,39.11777,1-5,edge,175.65678831295398
B0LK3MZ7V5,菜鸟驿站(朝阳里店),117.18876,39.101716,1-5,edge,1474.0669670418426
B0FFMCLO82,顺丰速运(国金快递服务中心),117.199,39.12,1-2,edge,271.3837745009009
B0H2FSLVU6,顺丰速运(汉阳道店),117.191925,39.111025,1-5,edge,866.2751770068417
B0L1JU99Q2,京东快递(赤峰道店),117.208825,39.128175,1-4,edge,352.26442224399216
B0KAAX6ITH,京东天津-碧云营业部,117.190486,39.113511,1-5,edge,601.6083371325342
B0L2GKSCUF,金泉物流有限公司,117.218975,39.116225,1-4,edge,1017.4362858031233
B0FFG6AR19,嘉宏航运(天津)有限公司,117.218586,39.117104,1-4,edge,916.084301481561
B0JDAO5FS9,菜鸟驿站(天津和平岳阳道47号店),117.19748,39.1118,1-2,edge,859.5996822534421
B0JDBDBJ8S,兔喜快递超市(建津里店),117.182725,39.111625,1-5,edge,292.84091199241584
B0KA5UBUC0,顺丰速运(乐宾店),117.194713,39.119887,1-5,edge,318.94817616566434
B0FFMG6YRS,菜鸟驿站(同安南里店),117.180549,39.103963,1-5,edge,796.9431633487709
B0IU7XPYGB,菜鸟驿站(天津和平区天汇中心3号楼店),117.18846,39.1317,1-6,edge,104.3337731940385
B0G2B1COGQ,菜鸟驿站(诚基中心店),117.202317,39.116362,1-2,edge,212.93331945965602
B0FFJG3J1O,丰巢快递柜(南京路店),117.202501,39.117522,1-2,edge,149.85763165117123
B0HK0ON9EE,菜鸟驿站(养和里小区店),117.21463,39.11658,1-2,edge,729.0689146420061
B0JD0XVEC9,菜鸟驿站(天津和平万全道98号店),117.186614,39.122294,1-5,edge,381.5500075527402
B0GK1MW38M,京东物流(同方花园店),117.18998,39.128471,1-6,edge,332.79355200353626
B0K646LOZ5,菜鸟驿站(新汇华庭店),117.187625,39.134925,1-6,edge,269.47822864144484
B0HUVO5M8I,菜鸟驿站(天津和平区天汇雅苑底商店),117.19008,39.13328,1-6,edge,120.14519372898476
B0GKS9N1SU,菜鸟驿站(天津和平文善里平房7号店),117.191761,39.115399,1-5,edge,505.75327365704794
B0GKJ9ZQQW,菜鸟驿站(宜昌北里店),117.186936,39.108362,1-5,edge,801.8637899479224
B0J2JX3D4O,菜鸟驿站(朗文名邸店),117.19098,39.10416,1-5,edge,1376.571032157025
B0FFH5Q71A,菜鸟驿站(万全里店),117.182275,39.120225,1-5,edge,481.85682632196443
B0M62NU8BL,极兔快递(西安道店),117.20181,39.116648,1-2,edge,232.91021917480947
B0H3DSPVLL,菜鸟驿站(世昌里小区店),117.189878,39.116427,1-5,edge,342.0902086472708
B0L3CUJ2DX,菜鸟速递(天津海光寺站Z),117.187478,39.135448,1-6,edge,243.42212471443548
B0G3FKIHC0,菜鸟驿站(天津世昌里25门底商店),117.189976,39.116249,1-5,edge,363.2190885404148
B0HK0XN1NN,菜鸟驿站(天汇尚苑店),117.185425,39.131775,1-6,edge,334.68512183871076
B0FFJO5DWZ,中通快递(吉星北里店),117.189701,39.11685,1-5,edge,292.9731222860305
B0G07M29DN,菜鸟驿站(天津瑞竹大厦108号店),117.181649,39.120249,1-5,edge,507.80594823580606
B0FFJLGVL1,韵达劝业场服务站,117.193246,39.125296,1-5,edge,297.7276790247763
B0G3MUZFYE,兔喜快递超市(吉利花园店),117.192256,39.117697,1-5,edge,336.47622048938405
B0FFH5PZ1Q,菜鸟驿站(金德园店),117.189881,39.117638,1-5,edge,212.16970819769566
B0J365PY29,天津华瑞货运有限责任公司,117.190343,39.107092,1-5,edge,1120.3100540232692
B0LR3SD2WE,丰巢柜,117.194675,39.103425,1-2,edge,1490.130339339635
B001611OYR,中通快递(万全道店),117.19043,39.126811,1-6,edge,385.3569184153102
B0FFGTCUCS,圆通速递(诚基中心店),117.202075,39.116375,1-2,edge,228.71121887590985
B0IKKSPHXM,兔喜快递超市(同安新里小区店),117.180215,39.104618,1-5,edge,720.9634745602172
B0KU17SITL,兔邮会员店(鞍山道店),117.190885,39.125074,1-5,edge,361.95406997039527
B0FFKV3R22,丰巢快递柜(新汇华庭店),117.187113,39.135719,1-6,edge,209.85846583708
B0HD0O0YEE,菜鸟驿站(明源里店),117.22017,39.11788,1-4,edge,855.3254746634253
B00160DFQN,以星综合航运(中国)有限公司天津分公司,117.197555,39.117805,1-2,edge,538.1829598706673
B0KUDR8G10,蜜罐快递柜,117.214705,39.120277,1-4,edge,598.9289644371547
B0FFHMEA9S,烟草配送,117.18433,39.11975,1-5,edge,390.68595273322245
B0L6YMALQP,圆通速递(同方花园店),117.189851,39.128584,1-6,edge,341.1613927911853
B0LBOZ5MDY,妈妈驿站(宁夏路店),117.185978,39.125529,1-5,edge,727.7643499701588
B0LUNOA3KU,丰巢智能快递柜(和平路店),117.191925,39.132175,1-6,edge,235.9139568879821
B0MGADDUDI,顺丰速运(医科大学营业店),117.184497,39.105279,1-5,edge,944.6968575319054
B0HKYX61TZ,菜鸟驿站(京海公寓小区店),117.192455,39.109508,1-5,edge,1017.5549066804034
B0M61MFPR6,兴亚物流,117.204662,39.117176,1-2,edge,56.708636124124105
B0KUD1B0LJ,兔喜快递超市(和平印店),117.185575,39.119875,1-5,edge,305.07081836386175
B0KUDRD3RZ,丰巢快递柜,117.195857,39.121892,1-5,edge,206.1928675793426
B0LAKXLHS9,天津顺兴物流有限公司,117.1917,39.107034,1-5,edge,1198.8573664431465
B0L61ASSFA,兔喜生活(南浮房大街店),117.184254,39.111471,1-5,edge,417.1780484745848
B0J3UH1Z8Q,金茂广场快递超市店,117.181669,39.130543,1-6,edge,632.963044622096
B0L6YYB8KC,菜鸟速递(滨江道站),117.184284,39.104553,1-5,edge,975.6259853625278
B0LUNO9OPN,丰巢柜,117.198257,39.111884,1-2,edge,792.1142617661865
B0K6GDY7VD,丰巢快递柜(同安南里店),117.180125,39.104725,1-5,edge,706.7789063931087
B0LRA40121,天津市港兴国际货运代理有限公司,117.214925,39.117975,1-2,edge,835.1694081681294
B0LR01NIVL,丰巢,117.184325,39.130875,1-6,edge,455.74047638563786
B0LG0R6DQP,兔喜生活(绵阳道店),117.18665,39.114676,1-5,edge,256.42998761528554
B0K3ZKG380,蜜罐快递柜,117.210246,39.119052,1-2,edge,544.1079555626766
B0KACCZEWZ,金德园兔喜快递超市,117.189575,39.118775,1-5,edge,85.83077373519444
B0FFKWNA21,世家新苑二期速递易,117.190075,39.109925,1-5,edge,852.7440583809364
B0L2RYM2VB,明筑快递柜,117.180775,39.126925,1-6,edge,951.2750738907762
B0FFIWUPUP,沛华运通(新华国金广场店),117.207537,39.125991,1-4,edge,255.50426566563237
B0KG1H5YCP,中国邮政(佳怡公寓),117.181024,39.109919,1-5,edge,361.0185516106337
B0L3ASV5WF,BLT线上提货处,117.191725,39.131225,1-6,edge,255.2676890341827
B0JR37DSUB,美团专送站点(长安东里),117.187957,39.122145,1-5,edge,315.81312143622705
B0FFKXIQYA,怡嘉国际货运(赛顿中心C座店),117.192275,39.106575,1-5,edge,1268.3639173743754
B0FFJBMG8K,天津港远达物流(信达广场店),117.218506,39.117069,1-4,edge,919.1255823962964
B0FFJGPNPL,航美物流,117.206275,39.118375,1-2,edge,197.52517749197054
B0LK0R9NKM,中通快递(新汇华庭店),117.186625,39.134825,1-6,edge,195.8709783166727
B0KA9RM4Q4,金雨桐妈妈驿站,117.183547,39.111675,1-5,edge,352.31351658603216
B0G19H9ZHU,菜鸟驿站(合生财富广场B座店),117.194623,39.131987,1-6,edge,325.8599291955957
B0FFHGIBCA,马士基(中国)航运有限公司(天津分公司),117.197643,39.117721,1-2,edge,541.3271715459036
B0LK1ZDCHZ,丰巢智能柜(融景华庭黑龙江路西大门丰巢柜店),117.205475,39.129325,1-9,edge,378.31790280222276
B0M61HH1ED,国金快递驿站,117.198425,39.120075,1-2,edge,303.8383146468819
B0LKVR68FK,丰巢快递柜,117.193275,39.119175,1-5,edge,364.2649496740369
B0KUTXB275,丰巢快递柜(天津海信广场店),117.217975,39.117525,1-4,edge,864.3888143242335
B0L1GXCWZI,妈妈驿站,117.214175,39.116525,1-2,edge,691.8391875927839
B0L03RD2H8,丰巢快递柜,117.187378,39.105709,1-5,edge,1041.5322783114184
B0LR9BNYV8,兔喜生活(昆明路店),117.189957,39.116227,1-5,edge,365.2595907539424
B0M6HRCCSH,兔喜快递驿站,117.198025,39.120025,1-2,edge,335.2570914480732
B0LDTX8EAZ,丰巢快递柜,117.196875,39.116225,1-2,edge,652.3944414149103
B0LUOAE091,丰巢快递柜(汇名园店),117.180925,39.112625,1-5,edge,102.67092440150981
B0I2CREPLC,丰巢快递柜(和畅园店),117.180225,39.110875,1-5,edge,242.5257752520195
B0LBRSIXM7,极兔快递,117.186775,39.135225,1-6,edge,189.36328286586462
B0KUDRCODQ,妈妈驿站(山西路店),117.201875,39.120525,1-2,edge,141.40575035584422
B0LD4XSBU7,速递易柜,117.191275,39.135925,1-6,edge,426.88797641432706
B0LAGZQ5TY,悦信物流,117.198675,39.117575,1-2,edge,479.85444842862034
B0K397CAH3,妈妈驿站,117.187011,39.124996,1-5,edge,631.3375586548109
B0LKL78QKH,天津安海物流发展有限公司,117.191475,39.107025,1-5,edge,1189.7244063527437
B0J0THXBS2,天津福和国际物流有限公司,117.204634,39.129231,1-9,edge,312.56445237390426
B0M6G9PZTF,美团配送,117.187675,39.116925,1-5,edge,287.415040807416
B0LALLLAAC,津海通物流有限公司,117.193824,39.13225,1-6,edge,346.1788297342083
B0M6L55J31,港中旅华贸国际物流股份有限公司,117.192325,39.107075,1-5,edge,1224.0065727504045
B0M6L55RQ6,蜜罐自提柜,117.220325,39.118125,1-4,edge,825.1402949047085
B0KUDL5G9G,妈妈驿站,117.19413,39.132159,1-6,edge,337.65524923979444
B0L14M14IQ,瀚之远国际货运代理,117.198275,39.120075,1-2,edge,314.32859821043184
B0HKDSVEDM,丰巢快递柜(天津新世纪妇儿医院店),117.208047,39.128124,1-4,edge,386.9457295821802
B0KUDR3ZF8,中创远驰物流有限公司,117.204406,39.116859,1-2,edge,79.86163883953293
B0H0L4FQ2X,丰巢快递柜(贵都大厦店),117.202475,39.121275,1-2,edge,115.49570796354969
B0H2HBH9J4,丰巢快递柜(世家新苑店),117.188875,39.110125,1-5,edge,779.0458156474745
B0FFI59WQ3,丰巢快递柜(华门·明筑店),117.181222,39.12727,1-6,edge,897.0821841404512
B0L1A7JRXO,玖运快递驿站,117.191816,39.132854,1-6,edge,229.4830072867498
B0K2H4L1H2,丰巢柜,117.207127,39.117628,1-2,edge,249.40635038414413
B0FFIAVTH9,丰巢寄递柜,117.191075,39.109525,1-5,edge,939.4589507726828
B0H1C60695,丰巢快递柜(长寿公寓店),117.183275,39.126175,1-6,edge,864.164054015013
B0J0XU8P4M,丰巢快递柜(格普兰轩小区),117.192188,39.112603,1-5,edge,779.4355829362752
B0IRLSH198,丰巢快递柜(新福方里小区店),117.186772,39.126574,1-6,edge,665.3116567306718
B0M6S74ZMG,天津航星国际货运代理有限公司,117.197618,39.117995,1-2,edge,518.0126921355728
B0L0JNEBKW,荣庆园快递柜,117.183475,39.131425,1-6,edge,490.3016153481878
B0M6TR5KJ9,韩中物流,117.192825,39.119225,1-5,edge,325.13160467239834
B0M63CA641,风潮快递柜,117.187769,39.109912,1-5,edge,759.0376099942764
B0LKF1U00G,鹏城海物流天津分公司,117.204357,39.128985,1-9,edge,301.8941771302093
B0LK5RTW93,融华国际物流,117.197875,39.117725,1-2,edge,529.6891560687698
B0LAT169ME,海泰汇通国际物流有限公司,117.204099,39.128989,1-9,edge,282.0888276725189
B0L6L5BX1A,海硕国际货运,117.198525,39.117475,1-2,edge,492.8961710044001
B0L37RM3SB,德诚国际货运,117.197618,39.117995,1-2,edge,518.0126921355728
B0L1ZUNUPX,景阳里快递驿站,117.187975,39.117225,1-5,edge,263.5016637703171
B0KUDRETG2,丰巢快递柜(源茂里店),117.209425,39.122425,1-4,edge,362.6216155881199
B0KACR09YT,山东捷丰国际储运有限公司天津分公司,117.198575,39.117625,1-2,edge,488.52542713151644
B0K2HGG79W,丰巢柜,117.205095,39.120022,1-2,edge,283.0336805508068
B0K05XZG02,恒洋国际货运,117.21875,39.116217,1-4,edge,1015.7076474236433
B0JA95HNBC,天津铁洋国际物流有限公司,117.218888,39.116296,1-4,edge,1008.5632557557692
B0HR4X2104,速递易(平安大街店),117.181325,39.127225,1-6,edge,893.5129425329618
B0FFG1MFTF,天津星海航国际运输有限公司,117.195352,39.101871,1-2,edge,1524.042062112088
B0FFIFEFL7,蜂巢快递柜(犀地店),117.190975,39.102825,1-5,edge,1486.3544154746887
B0FFKUWGCP,丰巢快递柜(朗文名邸店),117.191569,39.104756,1-5,edge,1366.9629288813069
B0FFHDBYBF,丰巢快递柜(保利·金香槟店),117.188775,39.134975,1-6,edge,284.8349224316693
B0FFL38784,丰巢快递柜(宜天花园店),117.183058,39.122078,1-5,edge,595.6502514317516
B0H0K6I724,丰巢快递柜(新世界花园店),117.184525,39.134125,1-6,edge,179.4329438662891
B0H39OX0JW,丰巢(黑龙江路店),117.203243,39.125728,1-4,edge,117.98411145076207
B0FFIZO2P7,丰巢快递柜(同方花园店),117.190019,39.128897,1-6,edge,322.18488879294165
B0FFJO5DXX,丰巢快递柜(云琅大厦店),117.179824,39.107111,1-5,edge,497.1321116607566
B0FFHKROKK,和平区妇女儿童保健和计划生育服务中心,117.19741,39.11222,1-2,edge,836.7730429043594
B0I15ZW6BV,万曼呼吸机天津服务中心,117.18068,39.120616,1-5,edge,586.1008699439033
B0KAJU2E36,家瑞医疗器械(总医院店),117.180006,39.113291,1-5,edge,30.841811113434336
B0FFG40SHE,中铁快运(天津站营业部),117.207193,39.136307,1-9,edge,301.11618577092275
B001610TDD,兴河物流(兴盛园路),117.246839,39.180637,8-9,edge,565.9200698311957
B0FFKGN9X5,中国铁路北京局集团有限公司天津铁路物流中心,117.209236,39.166857,6-9,edge,697.9546529393465
B0I0VODMNG,菜鸟驿站(敬贤里店),117.216956,39.185439,8-9,edge,2483.360095963124
B0HRD5X212,妈妈驿站(华泰园店),117.188969,39.167995,6-9,edge,901.2462029865695
B0FFKH6T5K,圆通速递(河北区月牙河分公司),117.257275,39.167225,8-9,edge,1202.1423557583594
B0FFJLQEIS,快递驿站(览桥里店),117.240222,39.173585,8-9,edge,244.95147836368938
B001602086,红星路邮政支局,117.230436,39.171557,8-9,edge,593.3334952537224
B0FFH924TS,顺丰速运(辰纬路店),117.19721,39.164202,6-9,edge,446.430156609855
B0G0V9NEL7,菜鸟驿站(康桥里店),117.236885,39.173944,8-9,edge,484.63212535068186
B0L6RSNUAA,顺丰速运(民主道店),117.196218,39.141925,1-9,edge,1000.7150831925493
B0H0Y9J5N8,京东快递(天津赵沽里营业部),117.246316,39.176406,8-9,edge,225.42557993640614
B0K3YS4PC5,顺丰速运(民权门店),117.22892,39.179197,8-9,edge,1319.4274820543671
B0KA6SLVK0,顺丰速运(胜利路店),117.209131,39.158212,6-9,edge,265.7359831049968
B0FFM8GQP8,菜鸟驿站(喜峰嘉园店),117.183225,39.183425,6-9,edge,2628.7305546200455
B0HRROW15P,天美北苑菜鸟驿站,117.215731,39.183115,8-9,edge,2327.9824625928172
B0H6M1JBM5,菜鸟驿站(秋园里店),117.223998,39.16201,9,center,201.82444811367913
B001606BNR,狮子林大街邮政支局,117.198115,39.147766,1-9,edge,1147.2975314971857
B0G14LFND2,中国邮政(大江里邮政所),117.255462,39.16482,8-9,edge,1309.1636063640967
B0FFGI12CL,大鹏物流(河兴庄兴河物流商贸楼店),117.246203,39.17765,8-9,edge,364.0019572711039
B0FFJMRQL7,菜鸟驿站(盛宇里店),117.230377,39.156012,4-9,edge,273.0819033235122
B0FFM7WHDT,菜鸟驿站(金田花园店),117.20567,39.15226,1-9,edge,813.6140242765402
B0FFIV8D17,菜鸟驿站(北斗花园店),117.211679,39.149469,1-9,edge,224.83055902138358
B0I2MU9U7N,妈妈驿站(铁工东里店),117.226786,39.177262,8-9,edge,1258.6987075186162
B0FFIY4FP3,菜鸟驿站(华迪园店),117.191058,39.178963,6-9,edge,2109.2203683513953
B0FFHSH6IG,天泰路邮政支局,117.187299,39.165656,6-9,edge,692.8337164298309
B0FFKHE5KM,菜鸟驿站(建湖道店),117.226796,39.177243,8-9,edge,1256.570473959487
B0FFIKDOH5,菜鸟驿站(容彩里店),117.228748,39.158583,4-9,edge,275.8143675258865
B0KGTSCM0X,顺丰速运(红星路店),117.243084,39.159158,8-9,edge,1223.5905678280667
B0FFH5PWOF,菜鸟驿站(琴江公寓店),117.257123,39.168834,8-9,edge,1035.5618580590613
B0J0ORCL2D,顺丰速运(宜白路店),117.210676,39.188979,8-9,edge,3111.3749709512153
B0FFH91HQ7,五马路邮政所,117.197307,39.164323,6-9,edge,460.3602040419444
B0LR7UJQ18,菜鸟驿站(天津河北区有巢公馆店),117.194237,39.151953,6-9,edge,945.4516175643529
B0FFJ2X1GU,菜鸟驿站,117.200693,39.155042,6-9,edge,633.3322724681566
B0FFIKE2RU,菜鸟驿站(中宜里18号楼店),117.206916,39.186037,6-9,edge,2839.0912524126434
B0FFMCGQBM,菜鸟驿站(盛华嘉园店),117.191388,39.186194,6-9,edge,2913.6670873189623
B0I1P7QVSY,天津市平安物流有限公司,117.242015,39.173943,8-9,edge,249.783403167009
B0KAHLW21X,顺丰速运(榆关道店),117.191857,39.186738,6-9,edge,2975.2694671786785
B0LRGLTCNA,京东快递(天津鸿顺营业部),117.213129,39.155669,1-9,edge,465.04608558070663
B0HAU9TO2M,妈妈驿站(中山北里店),117.227418,39.172294,8-9,edge,766.0702667306543
B0G0APSJI5,菜鸟驿站(迎福里店),117.218932,39.153315,1-9,edge,272.463147547699
B0IAVSG6KL,菜鸟驿站(慕贤里店),117.21262,39.181556,6-9,edge,2326.385461475504
B00160CUM3,中国邮政(五号路邮电所),117.227925,39.154584,4-9,edge,210.0924844615187
B0FFMBD3CM,兔喜快递超市(东昌里小区店),117.186296,39.175196,6-9,edge,1719.7877001962165
B0FFH5SY19,韵达快递(铁工东里店),117.226786,39.177263,8-9,edge,1258.7796135058463
B0H0C91BH0,韵达快递(金波里店),117.204873,39.155013,6-9,edge,614.3051356010496
B0FFIN6IUC,中国邮政(靖江路支局),117.244672,39.156907,4-9,edge,1211.5061433891988
B0HUV96G1P,菜鸟驿站(天津河北三和11号楼店),117.23762,39.17684,8-9,edge,670.7530967266742
B0G19H8I0Z,菜鸟驿站(梅宏园店),117.243825,39.176675,8-9,edge,349.983252062218
B0FFH83ZTS,菜鸟驿站(怒江里店),117.246884,39.154391,4-9,edge,1198.1022294966187
B0G3S9WJXE,菜鸟驿站(天津河北区爱贤道12号店),117.217769,39.186533,8-9,edge,2545.87100471724
B0GK1AVPV5,韵达快递(泰达北斗星城店),117.212435,39.151443,1-9,edge,328.81355114258946
B0FFJ3W3CQ,菜鸟驿站(垣焕里店),117.234402,39.155853,4-9,edge,457.39969829383784
B0FFILCSYR,菜鸟驿站(春和仁居店),117.233097,39.177899,8-9,edge,1012.5079734568974
B0FFH5PVS8,菜鸟驿站(宇萃里店),117.230225,39.153475,4-9,edge,23.492623484152737
B0FFH9JCAX,中国邮政(福桥里邮政所),117.236712,39.172933,8-9,edge,434.56401800082307
B0HKHS9TU3,兔喜快递超市律笛里综合服务中心(吕纬路店),117.204708,39.166233,6-9,edge,662.3509512416355
B0FFIKEH6M,菜鸟驿站(观锦普吉家园店),117.179434,39.18614,6-9,edge,2952.7505850471957
B0M60CM1FJ,菜鸟驿站(天美南苑菜鸟驿站),117.19176,39.153152,6-9,edge,766.9813325071223
B0HGZ92WQZ,菜鸟驿站(汇园里小区店),117.214876,39.165574,6-9,edge,538.9600114948507
B0JBDXXK5Z,菜鸟驿站(增光南里店),117.234725,39.161775,8-9,edge,563.4634626543026
B0IGBXSZCI,菜鸟驿站(艳益里西区店),117.214295,39.17454,6-9,edge,1535.547812575408
B0GK16SHEO,妈妈驿站(大江里社区店),117.256152,39.161647,8-9,edge,1638.2098537633178
B0FFMG6XBI,菜鸟驿站(宜白南里店),117.210219,39.191422,8-9,edge,3356.711369997121
B0JULURPUW,满园里妈妈驿站,117.227624,39.164854,8-9,edge,143.9257197466644
B0G19HAMS4,菜鸟驿站(普济河道辅路店),117.184021,39.188337,6-9,edge,3173.1879706868967
B0HDTOMKF8,菜鸟驿站(珍园里1号店),117.216063,39.163959,6-9,edge,354.3290502839112
B0K27KVEWJ,菜鸟驿站(元贺里店),117.18904,39.15909,6-9,edge,172.36455039804548
B0M6XSOXE5,菜鸟驿站(天津河北金田道9号店),117.202729,39.150245,1-9,edge,938.7929012136557
B0FFGI7BYO,中国邮政(北宁湾所),117.213605,39.18311,8-9,edge,2441.6508044830944
B0JB3RFXDV,兔喜生活(天津河东泰兴路店),117.249059,39.154393,4-9,edge,1327.3225880430487
B0FFGHUJGO,中国邮政(胜利路邮政所),117.206307,39.146765,1-9,edge,500.6013336630985
B0G1XRH1NX,快宝驿站彩环里小区服务站,117.22497,39.157504,4-9,edge,94.87638275748495
B0FFM5R59I,中国邮政(榆关道邮电所),117.185865,39.181873,6-9,edge,2457.616715288673
B0HR0GRBV1,兔喜生活(福嘉园店),117.188895,39.167977,6-9,edge,900.3282887576396
B0HKD16AAU,溧阳道妈妈驿站(庐山里店),117.241228,39.15133,4-9,edge,641.2301765989328
B0FFI59US1,丰巢快递柜(诗景颂苑店),117.233225,39.167893,8-9,edge,207.18359211883416
B0G19H9JP6,菜鸟驿站(宇萃里店),117.229897,39.152113,4-9,edge,162.7439774812538
B0KKURGCDW,圆通速递宁园街分公司,117.23652,39.18761,8-9,edge,1708.22336424683
B0JUXRV68K,韵达快递(金田公寓店),117.205145,39.151231,1-9,edge,788.666381451626
B0FFF2IVS8,兴耀仓储配送中心(天津市兴耀消费品批发市场店),117.242268,39.182324,8-9,edge,958.4275041457254
B0HRJZNIE5,兔喜快递超市(靖江东里店),117.248812,39.164552,8-9,edge,1004.007984415832
B0FFH97TNQ,中国邮政(江都路邮政所),117.24112,39.152713,4-9,edge,694.9139350467188
B0JKHS6Q9V,宇轩妈妈驿站,117.194731,39.159792,6-9,edge,195.93719810208776
B0M6JHE5FZ,德邦快递(天津河北区水产前街经营分部),117.220739,39.162127,9,center,172.26878226870627
B0HRCOO0UD,菜鸟驿站(靖江里店),117.246126,39.151643,4-9,edge,934.5953261065961
B0G1LC6C5I,兔喜快递超市(印江北里店),117.250949,39.16173,8-9,edge,1365.8151260811492
B0FFGHPKX7,中国邮政(秀山花园邮政所),117.238127,39.150419,4-9,edge,366.0814176389675
B0H06RHWEI,菜鸟驿站(天津河北吕纬路33号店),117.205182,39.16576,6-9,edge,620.6581891580904
B0FFM41DB1,菜鸟驿站(裕泰家园店),117.181087,39.164857,6-9,edge,629.7505433820398
B0J0AS5MF6,圆通速递(皓园里妈妈驿站),117.222487,39.164108,9,center,350.1799168446122
B0JGU1GGVX,国能海运有限公司,117.19931,39.140219,1-9,edge,693.3508178240272
B0J1TY24TQ,圆通妈妈驿站(重光路店),117.232867,39.163242,8-9,edge,354.77969694523955
B0FFIKEJD4,菜鸟驿站(格调艺术领地1号店),117.186626,39.183681,6-9,edge,2656.4362779005805
B0G19H8OKF,菜鸟驿站(长青北里店),117.226325,39.169725,8-9,edge,609.8673039079811
B0GRLHNL0S,永顺装饰一站式配送中心(金沙江路店),117.237263,39.167366,8-9,edge,188.75237087815103
B0FFJHVT5I,菜鸟驿站(天津铁道职业技术学院店),117.220675,39.173275,8-9,edge,1199.6846225583076
B0FFKFODC2,菜鸟驿站(隆成家园店),117.18453,39.180909,6-9,edge,2347.1185653001394
B0LK9HBEXE,中国邮政(河北区邮电局),117.197907,39.147683,1-9,edge,1159.7665140932784
B0JB35GR7Q,圆通妈妈驿站(北岸华庭店),117.208118,39.149318,1-9,edge,465.5480645421229
B0HDU5K64U,京东快递(天津海达明园营业部),117.22329,39.147651,1-9,edge,797.911845254182
B0KDGAH28E,顺丰速运(金钟东街新店),117.222227,39.148859,1-9,edge,643.5864830785936
B0JBP9AUGU,兔喜快递超市(富强道店),117.229293,39.155297,4-9,edge,200.55919973664427
B0L0VDHY1E,蜜罐快递柜,117.202375,39.153725,6-9,edge,744.5333689733284
B0K2R79BCY,兔喜生活(天津河北屏花里店),117.227792,39.159249,4-9,edge,266.94543554600455
B0H2YMW5BS,菜鸟驿站(金辰园店),117.199762,39.150734,6-9,edge,1079.4333302543387
B0G3TLSAU5,菜鸟驿站(天津河北诺德雅居4号店),117.201975,39.169075,6-9,edge,971.9505741571927
B0KDC1PXF0,顺丰速运(新苑南里店),117.245944,39.167417,8-9,edge,600.7477510342314
B0JBTO8H3P,顺丰速运(普济店),117.182439,39.187468,6-9,edge,3080.950102336979
B0I1P5RHDB,中国邮政EMS(镇江里店),117.246146,39.15306,4-9,edge,1045.1491984697
B0JDG7VZVI,京东快递(天津江都路营业部),117.249331,39.152899,4-9,edge,1237.5387508195604
B00160ACUE,中国邮政(连云里邮政所),117.223992,39.176762,8-9,edge,1344.025450062445
B0HACXVXLG,韵达快递(正义道店),117.222566,39.14941,1-9,edge,635.7482788136484
B0FFIKDX2D,菜鸟驿站(天津金庭里276号增1号店),117.194859,39.149719,6-9,edge,1178.390843026436
B0FFKPSBYW,妈妈驿站(乐山里店),117.240436,39.155798,4-9,edge,864.5897293539532
B0LUOHI8M2,聚贤道1号增一号申通快递建昌道公司,117.216784,39.188446,8-9,edge,2764.169612477521
B0I0OD6I2E,开城里妈妈驿站(增产道店),117.232437,39.1588,4-9,edge,577.860511055755
B0IA2O6DB7,菜鸟驿站(元吉里店),117.195508,39.155704,6-9,edge,514.2237305014269
B0H1YOX4LG,菜鸟驿站(天津河北如东里47号店),117.236675,39.154675,4-9,edge,583.5167017798523
B0FFH921XE,菜鸟驿站(金辉里店),117.198525,39.153425,6-9,edge,764.7527373268451
B0G19H9RUA,菜鸟驿站(天津市河北区中山东里33号店),117.22956,39.17005,8-9,edge,458.75948040696863
B0FFKBVX8I,菜鸟驿站(孚泰公寓店),117.203674,39.151224,1-9,edge,901.4366375550962
B0KR91J0OP,菜鸟驿站(宁欣花园店),117.222758,39.167129,8-9,edge,530.7230458059187
B0GR36HL1T,菜鸟驿站(振宜里店),117.208942,39.189665,6-9,edge,3234.060042917856
B0JDBXB4TZ,菜鸟驿站(天津河北诚悦家园底商29号店),117.189025,39.181725,6-9,edge,2420.178138150152
B0FFIZRH31,菜鸟驿站(天阅海河店),117.18032,39.16209,6-9,edge,336.2877137692944
B0GRSUC8TA,中国邮政EMS(中山路第二揽投部),117.197551,39.162071,6-9,edge,215.33894391697052
B0FFIVZAJ9,菜鸟驿站(北岸华庭店),117.208142,39.149169,1-9,edge,457.8445526555047
B0K33X6GMA,菜鸟驿站(桥园里店),117.239097,39.172341,8-9,edge,236.0829162221396
B0K16RWDTE,顺丰速运(东联里小区店),117.185211,39.175052,6-9,edge,1697.3311395366838
B0G23CDUTD,菜鸟驿站(北宁湾店),117.20921,39.1812,6-9,edge,2292.570364729459
B0FFKEKUDC,菜鸟驿站(嘉畅园店),117.242596,39.178085,8-9,edge,537.5263220170808
B0FFIKESNQ,菜鸟驿站(春艳里店),117.224475,39.153075,4-9,edge,478.3533629772929
B0HB29YQ4U,菜鸟驿站(富方园店),117.216108,39.160121,6-9,edge,78.10397058797211
B0J64XYBJS,菜鸟驿站(东湖花园店),117.18771,39.17622,6-9,edge,1821.7903409334754
B0FFGBYWZE,中国邮政(宜清路邮政支局),117.210314,39.189141,8-9,edge,3144.3223423716013
B0JBGXK4HN,菜鸟驿站(富贾花园店),117.21392,39.16704,6-9,edge,714.6198073407088
B0G0V9NM3J,菜鸟驿站(满园里店),117.223875,39.163925,8-9,edge,269.68404466897096
B0JBDXW9WG,菜鸟驿站(天津工艺美术学院建昌道校区),117.223258,39.174252,8-9,edge,1152.2857091759902
B0HBY9J48Z,菜鸟驿站(天津河北民权南里店),117.2328,39.16326,8-9,edge,351.50577476973575
B0FFIKDSDM,菜鸟驿站(建昌里店),117.228377,39.1732,8-9,edge,820.6127231227122
B0IBUXFGAM,菜鸟驿站(兴耀公寓店),117.242621,39.183471,8-9,edge,1046.5626141486234
B0FFM8TCVP,菜鸟驿站(真诚里店),117.221889,39.148518,1-9,edge,643.3608862514169
B0G19H9CSG,菜鸟驿站(世纪祥和家园店),117.242275,39.168525,8-9,edge,357.36168502414307
B0FFM7WIQM,菜鸟驿站(天房天泰盛雅佳苑店),117.174975,39.185025,6-9,edge,2839.2891791235675
B0FFH5QDKN,菜鸟驿站(北宁湾致远家园店),117.21234,39.184243,8-9,edge,2608.2525746188367
B0FFKBVW5O,菜鸟驿站(盛泰嘉园店),117.181975,39.182525,6-9,edge,2535.2549476140357
B0HKHOHGHS,菜鸟驿站(中宜里店),117.206699,39.18782,6-9,edge,3038.2104456769616
B0FFH71O89,菜鸟驿站(玉容花园店),117.229075,39.161725,8-9,edge,280.56887516886167
B0JD96XFZE,菜鸟驿站(十里观澜-津运文苑店),117.183509,39.170333,6-9,edge,1173.4822330074608
B0G2S9LMQG,菜鸟驿站(诗景颂苑店),117.23106,39.16763,8-9,edge,160.22465043217076
B0G0Y9L79B,菜鸟驿站(北宁湾宁静家园店),117.208706,39.178625,6-9,edge,2007.2936255121856
B0FFGWQRGX,东四经路邮政所,117.207464,39.159425,6-9,edge,218.41578036413642
B0HBN9XIKK,菜鸟驿站(盛皓南苑店),117.191925,39.187275,6-9,edge,3035.1507145886867
B0FFIR4SSY,菜鸟驿站(盛和家园店),117.185825,39.188275,6-9,edge,3168.5980304394907
B0K3RG1YMF,妈妈驿站(二马路店),117.201339,39.161139,6-9,edge,182.93137296683628
B0FFH5Q9NF,菜鸟驿站(东昌里小区店),117.185425,39.174775,6-9,edge,1667.454440530897
B0FFH9IMXZ,金钟路邮政所,117.20518,39.155305,6-9,edge,589.7690204450993
B0GD79B0QN,菜鸟驿站(宝利园公寓店),117.192225,39.181675,6-9,edge,2414.269713820897
B0FFH2UQUN,菜鸟驿站(君临大厦店),117.197674,39.132888,1-9,edge,426.9490458498224
B0FFFA8IJJ,韵达快递(翔纬路店),117.198019,39.143065,1-9,edge,910.7579081694172
B0FFH961YU,元纬路邮政所,117.194803,39.154277,6-9,edge,683.1838974972025
B0G2GDMEZV,菜鸟驿站(舒园里店),117.227774,39.165051,8-9,edge,169.15208884189585
B0FFIRX822,菜鸟驿站(金田公寓店),117.205088,39.151181,1-9,edge,790.3110068705731
B0FFL2Z2H5,菜鸟驿站(乌江北里店),117.24969,39.169978,8-9,edge,557.6401207590549
B0GU49UYB5,增光道邮政所,117.235954,39.164099,8-9,edge,429.84504841243375
B0LKXCO5M8,菜鸟驿站,117.247975,39.157825,4-9,edge,1498.6700050094107
B0L03OE0SG,菜鸟驿站,117.240228,39.173547,8-9,edge,241.08853309933139
B0M65HI38Q,申通快递,117.238425,39.156375,4-9,edge,791.5437049986477
B0FFM3LEZX,灵江里妈妈驿站(乌江北里店),117.254329,39.167056,8-9,edge,1052.1732672900246
B0I0NX2QJ2,菜鸟驿站(天津河北诚悦嘉园嗨零食店),117.18902,39.1817,6-9,edge,2417.4281882233827
B0K31SLLW7,快递驿站,117.258275,39.160525,8-9,edge,1840.4389252782607
B0HRDOXTB7,菜鸟驿站(天津河北昆山道2号店),117.242364,39.155837,4-9,edge,983.4255841725526
B0HGA910PC,菜鸟驿站(天津美术学院天纬路校区店),117.19442,39.154259,6-9,edge,694.7378215368843
B0FFM7WONO,菜鸟驿站(水运名苑店),117.18241,39.17963,6-9,edge,2211.3857120417265
B0GKF9M9QI,菜鸟驿站(清水园店),117.220312,39.155092,1-9,edge,195.99646547085052
B0LDV97J70,兔喜生活(二马路月皓里店),117.200991,39.161163,6-9,edge,211.1491792784225
B0HD0OZI2Q,菜鸟驿站(汇仁云居店),117.21939,39.14888,1-9,edge,463.51829771949997
B0FFH81E3G,菜鸟驿站(宜清花园店),117.211718,39.190591,8-9,edge,3208.5230816842827
B0I3FRW7QS,韵达快递(岷江里店),117.246408,39.153748,4-9,edge,1117.1304275117664
B0FFIKEDQO,菜鸟驿站(北翔家园店),117.203387,39.186246,6-9,edge,2875.3014601091945
B0LKXCORE4,妈妈驿站,117.250125,39.161275,8-9,edge,1368.28167095636
B0L1VAB0S5,盒马配送站,117.213217,39.155024,1-9,edge,402.58719655734507
B0JD5M4TRO,京东快递天津建昌道营业部,117.227761,39.17892,8-9,edge,1348.3018192866691
B0G15UPFBQ,菜鸟速递(南口路站),117.199283,39.165042,6-9,edge,575.7152392877183
B0FFMBGNHI,小木屋快递服务站,117.204548,39.18778,6-9,edge,3047.969792213421
B0G21CANWY,永强酒水配送,117.240258,39.182984,8-9,edge,1101.5609372523606
B0L3M7M1D7,兔喜生活(胜利路店),117.205631,39.146395,1-9,edge,513.6589770959592
B0LK5RUA6R,妈妈驿站,117.244025,39.182775,8-9,edge,905.5463050789975
B0K2HPEX1C,丰巢快递柜(月桂园店),117.196208,39.163901,6-9,edge,417.22628540387785
B0G2TA369X,韵达快递(津铁泰苑店),117.182053,39.169743,6-9,edge,1123.514944953188
B0FFG4MINU,润万多奶品配送中心,117.241063,39.183339,8-9,edge,1104.1381084397945
B0HB3P7YWO,速递易快递柜,117.188225,39.174525,6-9,edge,1629.057320818046
B0L0M9A7PT,兔喜生活(天津河北席场下坡店),117.186188,39.179813,6-9,edge,2230.6727714407366
B0L3DR68S6,焕玉公寓快递柜,117.234821,39.150209,4-9,edge,84.5618034780369
B0J109MI71,如东里47号兔喜快递超市,117.23729,39.155131,4-9,edge,651.9304223728768
B0HDCCKRFP,京东快递(天津华龙道营业部),117.220256,39.145631,1-9,edge,658.5912277207756
B0FFGJR4TN,仁和医疗器械(增产道)呼吸机轮椅护理床,117.238085,39.158689,4-9,edge,900.634681024563
B0LROCWK88,天津市呼吸机批发体验中心,117.248105,39.157496,4-9,edge,1486.5849662230291
B00160143F,丰瑞医疗器械(中医楼店),117.228355,39.149797,4-9,edge,442.983760577013
B0J1TUI9OX,复恩康医疗器械(悦海大厦店),117.199149,39.139378,1-9,edge,686.3293171713439
B0KA7H6GFN,健乐达(诗景凤苑店),117.229154,39.168167,8-9,edge,311.36492966718424
B001615ZSY,中国邮政速递物流,117.213756,39.133729,1-9,edge,815.7129881077705
B0FFKECDPM,菜鸟驿站(萦东温泉花园店),117.251531,39.115291,1-4,edge,1031.3089549564609
B0FFK1QN97,中铁快运(天津站),117.210103,39.136268,1-9,edge,395.0555676428065
B0FFM34EXK,圆通妈妈驿站(军旅公寓店),117.245601,39.099749,1-2,edge,2158.8272811223865
B0FFG4U3X2,韵达快递(临营东里店),117.262697,39.150516,4-9,edge,1956.141742274207
B0FFHTVG07,天津惠禾国际货运代理有限责任公司,117.225473,39.123154,1-4,edge,268.78221862623803
B0FFLKB5Y5,圆通妈妈驿站(河东大王庄街五金楼店),117.237663,39.118953,1-4,edge,652.2707269128542
B0FFKCY8WQ,菜鸟驿站(前进新里店),117.257675,39.131925,4-9,edge,346.9964541531
B0JKR6MPR8,圆通妈妈驿站(毛条厂路店),117.284278,39.097499,0-4,edge,1136.5150846034035
B0HRN5X80Q,妈妈驿站,117.240372,39.11045,1-4,edge,1578.044484051108
B0IKSC1VS4,快递驿站,117.243973,39.126498,1-4,edge,247.63435076993073
B0J1BZPQ1C,圣力物流,117.274156,39.093736,0-4,edge,1996.819691293049
B0FFIOT8V6,妈妈驿站(天津津塘路187号7号楼店),117.304225,39.093864,0-4,edge,447.8044501438398
B0FFHGIALS,顺丰速运(万新店),117.27392,39.133867,4,center,1527.9372763192418
B001606LNU,中国邮政(河东区邮电局),117.222636,39.135424,1-4,edge,1151.7985797442147
B0GU2AD9I0,顺丰速运(成林道店),117.255834,39.129086,4-9,edge,222.9285479821006
B0FFM7IGI4,顺丰速运(客运站店),117.216625,39.136157,1-9,edge,872.9364667348459
B0FFJE6HUD,菜鸟驿站(城市之光月光园店),117.210393,39.141866,1-9,edge,172.39382431330887
B0K63CSE5Y,顺丰速运(八纬路店),117.242088,39.107167,1-4,edge,1931.6880264645904
B0FFIWMU5W,顺丰速运(富民路店),117.262315,39.087693,2,center,2753.3418044995565
B0G1ZO76OD,菜鸟驿站(瑞金里西区店),117.230075,39.147325,4-9,edge,437.58574732739294
B0FFIKEK04,菜鸟驿站(天津河东区和睦北道6号店),117.263069,39.109164,0-4,edge,1222.892796511024
B0FFM4JXCE,妈妈驿站(天山东路店),117.278767,39.140498,4-9,edge,2311.7334396850983
B0LUSX8LIM,顺丰速运(嘉华新苑店),117.241378,39.13732,4-9,edge,414.6741765971783
B0FFKBVWBV,菜鸟驿站(林盛里店),117.238923,39.11947,1-4,edge,626.6606625572944
B0FFJ15YO1,菜鸟驿站(懿德园店),117.250175,39.122125,1-4,edge,268.65753302964896
B0FFJJ3QHK,顺丰速运(太阳城店),117.27298,39.148334,4-9,edge,2486.7172688333853
B0FFH9OYZ3,香山道邮政支局,117.282759,39.132267,0-4,edge,1857.5315144017486
B0KRMZN4ZX,顺丰速运(雪莲南路店),117.302051,39.100172,0-4,edge,196.9473483599098
B0KKDSUQJ7,远航迅捷物流托运专线直达,117.222729,39.128901,1-4,edge,430.2008047821866
B0GRMAXYWW,菜鸟驿站(常州里西区店),117.239391,39.146312,4-9,edge,129.90505420113303
B001606XQ9,后台邮政支局,117.241928,39.114807,1-4,edge,1083.2572118548962
B0FFIV8BSX,菜鸟驿站(尚东雅园店),117.255716,39.12488,1-4,edge,87.96055489809386
B0FFFE1QKN,韵达快递(海委公寓店),117.258842,39.108924,0-4,edge,1481.2177683203784
B0FFH5Q2W7,菜鸟驿站(前进新里店),117.256016,39.131806,4-9,edge,204.174177398806
B0FFH5PWLM,菜鸟驿站(建新东里7号楼店),117.296649,39.092943,0-4,edge,884.4691901305964
B0FFH5PUOH,菜鸟驿站(天津音乐学院北院学生宿舍店),117.229867,39.122995,1-4,edge,212.72090982811383
B0FFJN7IXV,菜鸟驿站(凤岐东里社区店),117.275752,39.13863,4-9,edge,1978.9481377976622
B0KA6CLXIV,顺丰速运(第六大道店),117.265575,39.118125,0-4,edge,335.8412417836302
B0FFJ5TZO3,菜鸟驿站(天津市河东区靖泰里11号楼店),117.247601,39.146687,4-9,edge,682.1471272100869
B0KGFZ0R3L,顺丰速运(蓝天花园店),117.297123,39.089588,0-4,edge,1129.4083260699615
B0FFIYRAPN,菜鸟驿站(金湾花园店),117.252825,39.127125,1-4,edge,392.1693447898675
B0JR9XP2TS,菜鸟驿站(晨光楼店),117.2497,39.13582,4-9,edge,83.0016995267103
B0FFIRAZW1,菜鸟驿站(华泰里店),117.233353,39.148897,4-9,edge,119.95192196035573
B0JGALBO0B,顺丰速运(和睦店),117.26304,39.108553,0-4,edge,1280.5273446882954
B0FFINM1J0,菜鸟驿站(中山门东里店),117.268665,39.106261,0-4,edge,1184.464396144932
B0G19HAEJ2,菜鸟驿站(福旺花园店),117.22771,39.14202,4-9,edge,992.4394386226726
B0FFKCZBVD,菜鸟驿站(天津河东宫前园13号底商店),117.239781,39.108778,1-4,edge,1769.035941750337
B001605L9L,北海里邮政支局,117.241945,39.130394,1-4,edge,654.1694100948317
B0KA2UE58H,菜鸟驿站(神州花园店),117.241075,39.101825,1-2,edge,1921.3925863745987
B0KA57EDZ7,德邦快递(天津河东区中铁物资经营分部),117.2376,39.116819,1-4,edge,885.9241932099131
B0FFGHEXB1,新兆路邮政支局,117.215335,39.136442,1-9,edge,757.8546220418547
B0K2AUQYQR,顺丰速运(远洋快递服务中心),117.222,39.139,1-9,edge,1131.5539100112853
B0G1T9WPAA,菜鸟驿站(天津河东程林里37号店),117.262266,39.127377,4,center,382.3048466532561
B0I1K7XU1Z,兔喜快递超市(积善里店),117.219897,39.130756,1-4,edge,649.4841714397331
B0FFH98NMV,广宁路邮政支局,117.269592,39.104621,0-4,edge,1293.3484476407377
B0FFJHVT3Z,菜鸟驿站(汇贤里安教小区店),117.246163,39.118496,1-4,edge,693.8187070038581
B0LDGO5NMB,中国邮政EMS(卫国道揽投部),117.26293,39.140418,4-9,edge,1281.708540228851
B0FFJBYYUQ,菜鸟驿站(丰盛园店),117.235026,39.116475,1-4,edge,923.2671887941464
B0FFH97SWG,中国邮政(二号桥邮政支局),117.296695,39.093348,0-4,edge,854.0626736067916
B0K6BC9I7N,顺丰速运(华腾店),117.227844,39.142221,4-9,edge,971.9128897042718
B001609DJR,天津松昌国际货运有限责任公司(万隆太平洋大厦店),117.222223,39.121139,1-4,edge,455.7697380287487
B0FFH5Q5D4,菜鸟驿站(嘉华小区店),117.24277,39.1278,1-4,edge,363.37360687287844
B0HKVH5BPA,安缘物流(喜悦购物公园店),117.273118,39.148149,4-9,edge,2484.2194650316787
B0FFH5Q6RY,菜鸟驿站(红星·逸品轩店),117.257025,39.119875,1-4,edge,499.58113691048413
B0HD0O0QQG,菜鸟驿站(滨河家园店),117.254475,39.087125,2,center,2140.32199131965
B0HKKZGX12,天津鸭嘴兽物流有限公司,117.225675,39.121975,1-4,edge,389.70414655418716
B0G22UUXE4,菜鸟驿站(路劲太阳城店),117.279865,39.155618,8-9,edge,3359.266461150193
B0LUAHL0UF,京东物流(天津永恒营业部),117.270876,39.109473,0-4,edge,781.1136834754021
B0FFJCTRS7,菜鸟驿站(路劲太阳城紫玉园店),117.276666,39.150514,4-9,edge,2886.40369415785
B0FFGJMH25,菜鸟驿站(欣荣馨苑店),117.228598,39.134381,1-4,edge,1059.8816841345338
B0FFH2S93H,菜鸟驿站(宁月花园店),117.280675,39.104025,0-4,edge,737.6889662040297
B0KR7OLEDX,唐家口邮政支局,117.241222,39.127805,1-4,edge,383.14326687808466
B0HA9Y6JK9,妈妈驿站,117.276127,39.158859,8-9,edge,2877.8152130934864
B0IATYJVYG,菜鸟驿站(路劲太阳城秀丽园南区店),117.283873,39.149774,4-9,edge,3309.12850119573
B0FFH18Z44,中通快递河东大直沽分部(东润名邸店),117.241437,39.105806,1-4,edge,2084.9765439335747
B00160APDV,一号桥邮政支局,117.275909,39.095234,0-4,edge,1771.9761454479326
B0FFHUC8EN,胖子货运站,117.250882,39.144293,4-9,edge,753.7796827822114
B0JA29H1KY,妈妈驿站,117.245622,39.109048,1-4,edge,1725.3805785784643
B0JBPS8070,妈妈驿站(顺达路店),117.262908,39.127535,4,center,411.03380963169633
B0I2BMTALU,京东物流(天津宁月花园营业部),117.283106,39.104338,0-4,edge,608.8912097508687
B0IK5MOYE4,快宝驿站(翠阜新村翠荫里店),117.256423,39.141477,4-9,edge,914.8694768492974
B0HANUNGHJ,妈妈驿站(新月花苑店),117.266867,39.138504,4-9,edge,1383.8890537865016
B0G19U8AVL,兔喜快递超市(靖泰里小区店),117.246877,39.146801,4-9,edge,647.5541129700325
B0JRNUGQ49,津工驿站(巨福园韵达快递超市店),117.214873,39.142972,1-9,edge,408.1589211275938
B0FFJ5KCLS,菜鸟驿站(昕旺北苑店),117.25542,39.13714,4-9,edge,539.4711822042201
B0FFMCUJRE,菜鸟驿站(建新东里东区店),117.294375,39.090325,0-4,edge,1223.6088364591387
B0FFKETSXD,菜鸟驿站(天津皓林园8号楼店),117.27254,39.15546,4-9,edge,2959.282630825543
B0FFGWUUG3,菜鸟驿站(晨光楼店),117.247601,39.136111,4-9,edge,218.96391478191225
B0FFL64CP7,快递超市(试验楼居民区店),117.272974,39.103429,0-4,edge,1200.5910617752504
B0GR513E0H,万达搬家运输(文宫里店),117.249096,39.105459,1-4,edge,2100.3742579453187
B0LAXMUVZ5,菜鸟驿站(晓德里小区店),117.23169,39.132081,1-4,edge,811.7329465565557
B0J34S095U,顺丰速运(十一经路店),117.23686,39.121114,1-4,edge,404.10420682031116
B0KR1GL3ZY,中国物流(七纬路店),117.225435,39.123091,1-4,edge,272.5313428458389
B0HD0OZ39S,菜鸟驿站(麟祥里店),117.218726,39.128858,1-4,edge,417.0247928266119
B0LATC1HEB,申通快递友谊公司,117.23185,39.109354,1-2,edge,1640.2393986957402
B0FFGI0YX2,郑庄子邮政支局,117.252286,39.09223,1-2,edge,2258.278126251431
B0KR16E4AA,菜鸟驿站(八纬路店),117.23157,39.11816,1-4,edge,763.1610840791351
B0L17C9AGI,顺丰速运(碧波园店),117.232226,39.109559,1-2,edge,1679.8859290588096
B0JKYZGXVY,天津国际航运物流中心,117.221958,39.119866,1-4,edge,598.5410195157828
B0IA37ZRM9,华旺里邮政所,117.227921,39.139056,4-9,edge,1168.9742461698634
B0FFGBWXJL,卫国道邮政支局,117.234875,39.140034,4-9,edge,659.9391187126084
B0GRDOL5HM,兔喜快递超市(华泰里服务部),117.232116,39.149036,4-9,edge,182.8733748415184
B0JD4ZRNLN,京东物流(天津大王庄营业部),117.238425,39.117675,1-4,edge,804.9158570979902
B0H0XC4ORZ,妈妈驿站(环秀中里店),117.269406,39.131277,4,center,1053.439788642117
B0FFINM1JX,菜鸟驿站(芳水河畔店),117.27298,39.11236,0-4,edge,414.7933330171898
B0FFJ5681Q,申通快递(天津河东东兴路营业点),117.251057,39.115483,1-4,edge,1002.2708109116
B0I1YS8MF9,妈妈驿站(顺达西里店),117.261367,39.141809,4-9,edge,1250.1128474431857
B0H6K9C7FQ,菜鸟驿站(和睦西里店),117.259359,39.108207,0-4,edge,1507.0868129127145
B0FFG5D9B5,圆通速递(津塘路店),117.24684,39.109398,1-4,edge,1672.3202897769147
B0K02HV8TU,中国邮政(河东机械厂揽投部),117.23444,39.142776,4-9,edge,481.2721319550676
B0KABP8DEJ,兔喜快递超市(建新东里东区店),117.294075,39.090425,0-4,edge,1235.0848500350346
B0K0LDTN7V,兔喜快递超市(陆典庭园北区店),117.266742,39.114646,0-4,edge,549.1541686407068
B0KAASA5MN,兔喜快递超市(天津河东浩海小区店),117.247473,39.127146,1-4,edge,336.36453918317994
B0FFH5PVIU,菜鸟驿站(新兆路店),117.217288,39.135941,1-9,edge,934.9403390247888
B0JD47QLM9,京东快递(天津富民路营业部),117.265354,39.091839,0-4,edge,2623.5119993230387
B0KBXAE2LZ,菜鸟速递(天津中山门站),117.250344,39.114945,1-4,edge,1052.393652035486
B0LK2URD77,丰巢柜,117.235775,39.147475,4-9,edge,233.06274886732206
B0I0SMEAAU,兔喜快递超市(欣荣馨苑店),117.228752,39.134433,1-4,edge,1064.2588119495629
B0JGU1ND64,中国邮政(福东里邮电所),117.30451,39.094983,0-4,edge,321.9506731992007
B0G15ANUN7,妈妈驿站(建新东路店),117.295225,39.090475,0-4,edge,1159.4279700538336
B0FFIR7E7P,菜鸟驿站(御景嘉园店),117.22355,39.13284,1-4,edge,861.3998688598413
B0KGF5450Z,顺丰速运(昆仑路店),117.27961,39.103789,0-4,edge,813.8988329577996
B0FFMD16PL,妈妈驿站(中山门东里店),117.26815,39.106537,0-4,edge,1183.4002493231883
B0GDU96AR6,菜鸟驿站(华庆里店),117.225102,39.144822,4-9,edge,946.8648116438588
B0L3CUK0YA,中通快递(天津河西湘江道),117.238125,39.116293,1-4,edge,950.4719968792783
B0FFMA2GG3,菜鸟驿站(富豪新开门店),117.23041,39.13103,1-4,edge,682.0093065356322
B0FFLJ6XO6,中国邮政(七经路邮政支局),117.222639,39.129803,1-4,edge,530.3830153412133
B0FFM7WOWX,菜鸟驿站(久福园店),117.220408,39.135416,1-4,edge,1158.9798222730858
B0K0154Z2A,天津市金驰顺途物流有限公司,117.229819,39.125622,1-4,edge,80.2853251835198
B0KKUKBINW,菜鸟驿站(远翠东里店),117.284292,39.132673,0-4,edge,1968.5646014515314
B0H1DXQ19O,菜鸟驿站(福东里店),117.30423,39.093871,0-4,edge,446.99069582081586
B0FFMDDER4,菜鸟驿站(华馨公寓店),117.225653,39.135934,1-4,edge,1218.192378980045
B0G1958PG5,菜鸟驿站(天津河东区芳馨园4号1门店),117.265776,39.125107,4,center,379.5546410348938
B0FFM7FVPK,菜鸟驿站(和进里店),117.250982,39.110477,1-4,edge,1552.2501453578823
B0I1U7YX74,菜鸟驿站(万春花园店),117.212278,39.145345,1-9,edge,281.73806368785915
B0FFKFU6T6,菜鸟驿站(津塘村店),117.24712,39.11341,1-4,edge,1226.4803538196713
B0G3Z9T0LH,菜鸟驿站(欢颜里店),117.239675,39.147725,4-9,edge,230.79633515843332
B0JU769CO3,菜鸟驿站(格调榴园店),117.304457,39.092007,0,center,544.476315954322
B0FFH1EHLA,菜鸟驿站(朝阳·绿茵陶然庭苑店),117.296125,39.098925,0-4,edge,385.63479960935433
B0FFIKEVA7,菜鸟驿站(天津明家庄园9号店),117.30364,39.098989,0-4,edge,153.4733301009591
B0FFIKDOZ3,菜鸟驿站(环秀中里店),117.274195,39.134058,4,center,1559.6914488625212
B0H2VOWCJ4,菜鸟驿站(融科·金月湾店),117.27118,39.09227,0-4,edge,2279.824931135673
B0FFMA2VIB,菜鸟驿站(巨福新园店),117.217197,39.13938,1-9,edge,753.2622396084039
B0M6ZU26Q3,美团专送站点(昆仑站),117.255372,39.138122,4-9,edge,590.8212533322438
B0H22OHYXH,菜鸟驿站(瑞光里店),117.228868,39.1456,4-9,edge,645.9610070498535
B0FFIR109Q,菜鸟驿站(路劲太阳城店),117.29153,39.15189,4-9,edge,3972.1093370077706
B00160AIYC,中国邮政(松风里邮政支局),117.275981,39.142663,4-9,edge,2294.187978732524
B0FFIPCU9Q,菜鸟驿站(俊东公寓店),117.26849,39.11715,0-4,edge,259.7081421950791
B0FFJEAJWL,菜鸟驿站(远翠中里店),117.28168,39.133848,0-4,edge,1937.0527660928765
B0HRYOJ3EG,菜鸟驿站(冠云中里店),117.28127,39.13761,0-4,edge,2241.298302030065
B0KKOKWR3J,菜鸟驿站(天津河东区六纬路185号店),117.239375,39.106175,1-2,edge,2028.274110996681
B0H3GO5TZZ,菜鸟驿站(天津河东柏丽花园23号店),117.241275,39.143875,4-9,edge,163.3799108660564
B0FFFQR07S,韵达快递(泰兴南路店),117.252175,39.141475,4-9,edge,626.053485402176
B0FFH5PUTH,菜鸟驿站(路劲太阳城橙翠园店),117.277184,39.157108,8-9,edge,3089.079811050704
B0HAT120V7,菜鸟驿站(新开路店),117.227098,39.131785,1-4,edge,802.4947014947904
B0H6Y9BX4D,菜鸟驿站(东康家园店),117.26155,39.15195,4-9,edge,1997.454539525945
B0H1AO4NPR,菜鸟驿站(阳明里店),117.267925,39.143325,4-9,edge,1807.668473555729
B0KKOKRQBF,菜鸟驿站(天津河东区140喜洋洋超市店),117.26875,39.09629,0-4,edge,2061.785450515013
B0FFMCGFJX,菜鸟驿站(碧波园店),117.23189,39.109392,1-2,edge,1645.475196576507
B0G071891T,菜鸟驿站(滨河庭苑店),117.25242,39.08636,2,center,1946.260270123606
B0G19H9CS4,菜鸟驿站(招商雍景湾店),117.266075,39.085075,2,center,2934.240548580036
B0J2X6KC95,菜鸟驿站(凤山道店),117.270825,39.153625,4-9,edge,2716.972001780366
B0G1X9HHB6,菜鸟驿站(天津市河东区城市星座4号楼店),117.209654,39.1442,1-9,edge,98.9061120086
B0FFKECDMC,菜鸟驿站(靓锦名居店),117.249925,39.115925,1-4,edge,940.3080621360335
B0FFHM6GPN,万东邮政支局,117.267327,39.137151,4-9,edge,1338.235248206364
B0FFJ4CTV3,菜鸟驿站(路劲太阳城店),117.273965,39.153835,4-9,edge,2949.811253333905
B0HD7OQPHW,菜鸟驿站(融科·瀚棠店),117.277225,39.105025,0-4,edge,872.2467080808273
B0FFL0CKK8,韵达速递,117.270201,39.131548,4,center,1120.8616564369677
B0LU4ZPB1S,京东快递(天津唐口营业部),117.243092,39.13102,1-4,edge,722.3407547670074
B0KG3UOBGG,菜鸟驿站(天津河东区阳明里1号楼底商店),117.264975,39.143575,4-9,edge,1617.1603536759726
B0FFM7WNCJ,菜鸟驿站(新义信里小区店),117.22391,39.12841,1-4,edge,369.6766849572293
B0K2TNU8C0,菜鸟驿站(天津河东区永恒里3号楼店),117.260496,39.135896,4-9,edge,771.2276803315056
B0HUYOT284,菜鸟驿站(冠云西里店),117.27887,39.13754,4,center,2118.4179950278667
B0L3XU0TCO,鑫淼水站配送中心(音乐学院店),117.233225,39.116175,1-4,edge,986.1855297761499
B0FFIKEPR4,菜鸟驿站(东瑞家园店),117.261301,39.15668,4-9,edge,2303.954768721626
B0M667BM48,菜鸟驿站,117.259175,39.113225,0-4,edge,1073.0856024692239
B001607YYB,地中海航运(香港)有限公司(天津代表处),117.221982,39.119449,1-4,edge,643.2096314318077
B0FFK7VS1B,菜鸟驿站(嘉华小区店),117.242875,39.127875,1-4,edge,372.13527236193335
B0K0OKIGG5,菜鸟驿站(金湾花园店),117.254875,39.125725,1-4,edge,177.506390514335
B0LK3709XC,菜鸟驿站,117.26629,39.108276,0-4,edge,1142.2043914130304
B0FFHAXXL7,韵达快递(大直沽服务部),117.254439,39.113136,1-4,edge,1228.163220594656
B0LK9RAXGM,菜鸟驿站,117.265245,39.11353,0-4,edge,728.1996230129039
B0FFLBRST6,卓越浅水湾妈妈驿站,117.224321,39.124622,1-4,edge,80.47009485795016
B0HRTO90YZ,菜鸟驿站(程林里小区店),117.258925,39.126775,4-9,edge,147.42547955761628
B0FFJ4C527,丰巢快递柜(松风东里店),117.279975,39.143525,4-9,edge,2609.0464909440702
B0I3S7Y6X4,兔喜快递超市(建新东里店),117.297318,39.093889,0-4,edge,775.3565851083753
B0FFGJL7DU,菜鸟驿站(路劲太阳城店),117.291125,39.151475,4-9,edge,3915.1691158751187
B0FFMAEPFW,速递易快递柜(环秀中里店),117.274767,39.134078,4,center,1595.949411537393
B0FFJD6YSH,优速快递(阳新里小区店),117.269922,39.129498,4,center,943.0677728325832
B0FFL172DZ,菜鸟驿站(盘山道店),117.274125,39.140325,4-9,edge,1998.2136818525128
B0H2H1HZ12,兔喜快递超市(蝶桥公寓店),117.245002,39.103367,1-2,edge,2300.0211869387463
B0FFHFJUQY,韵达快递(中山门北里店),117.2614,39.1098,0-4,edge,1257.5285493399851
B0FFJ3FPIM,菜鸟驿站(新天地家园店),117.22158,39.14025,1-9,edge,1044.469572940954
B0G19H9CVN,菜鸟驿站(直沽园店),117.241275,39.109875,1-4,edge,1634.147962852648
B0FFH5QASN,菜鸟驿站(金地·紫云庭店),117.285704,39.094485,0-4,edge,1305.550800089681
B0G10UDNOT,天津市河东区妇幼保健计划生育服务中心,117.253151,39.109077,1-4,edge,1687.4266271433744
B0I1CSBKZS,天津缘健科技有限公司医疗器械专卖,117.249691,39.108883,1-4,edge,1720.7811080826443
B0JG31YZIE,玖润医疗器械(三中心店),117.248775,39.108775,1-4,edge,1731.6855201438432
B0FFJKCCHQ,舒康泰医疗器械(凤岐里社区11号楼店),117.273231,39.138181,4-9,edge,1779.3654468165985
B0L0DNLDWW,瑞齐宁服务中心,117.270433,39.128798,0-4,edge,926.2272675642192
B0FFFOSFSU,中国邮政速递物流(体育中心投揽部),117.183085,39.076887,5,center,3185.641202660664
B0FFGC0IDS,瑞宇翔燕物流河西站点,117.227012,39.058358,2,center,2074.802458925459
B0HRY9FM2W,德邦快递(天津河西区聚力梅江经营分部),117.223079,39.066332,2,center,1449.8807672436928
B0FFHEZYHF,菜鸟驿站(谊城公寓店),117.208157,39.079491,1-2,edge,1780.4078762686047
B0FFL4HZ95,妈妈驿站(安德里店),117.214531,39.110582,1-2,edge,400.10361398867866
B0J3AUR99J,德邦快递(天津河西区洞庭路经营分部),117.249903,39.063813,2,center,1940.5813442702377
B0G195A7JK,菜鸟驿站(四季馨园店),117.259892,39.064681,2,center,2571.259040818204
B0J1MDVTIH,圆通妈妈驿站(河西区第二十一幼儿园分园店),117.277325,39.067875,2,center,3847.5708437524204
B0HKDL599H,快递驿站(花样年·喜年广场店),117.232281,39.042732,2,center,3724.2066904779517
B0FFKW7DJ1,小张物流,117.229216,39.058514,2,center,2010.1849595666629
B0JKMC4GKA,胜京物流(大任庄路店),117.229325,39.058508,2,center,2008.9003501904938
B0FFG6BOG8,顺丰速运(龙都南园店),117.230363,39.095917,1-2,edge,793.0928182737838
B0FFJKS9ZY,顺丰速运(体北店),117.191664,39.084314,1-2,edge,2753.123466214149
B0IBGH2Q5J,中国邮政速递物流天津分公司(绥江道店),117.229506,39.05826,2,center,2032.8249877989426
B0FFMDBZR4,妈妈驿站,117.285637,39.066327,0,center,3792.257776206645
B0FFM8ZZVK,妈妈驿站(先登里店),117.268059,39.068678,2,center,3051.484195864567
B001617LIM,日通国际物流公司,117.221475,39.113262,1-2,edge,1068.1150067975655
B0FFG3KB93,大润发收货区,117.199582,39.075959,1-2,edge,2614.3736365004197
B001617KN7,银山物流公司,117.219365,39.092952,1-2,edge,239.9736411677497
B0FFFA20TU,顺丰速运(卫星里店),117.188742,39.097193,1-5,edge,1825.0036440686329
B0I2BCZR2E,中国邮政(尖山投递分局),117.227349,39.09411,1-2,edge,475.1182585923509
B0FFK1ZNQ4,顺丰速运(长青店),117.216186,39.077041,1-2,edge,1318.9061429981546
B0JGUSH0U3,德邦快递(天津河西区尖山路经营分部),117.22366,39.089356,1-2,edge,150.71677628064987
B0JGX70N1S,顺丰速运(广东路店),117.217114,39.106413,1-2,edge,366.7718495692799
B0HD05Z71B,京东快递(天津津门湖营业部),117.222278,39.066003,2,center,1523.044873417979
B0LG343V5H,菜鸟驿站(天津恩德东里26门底商店),117.210262,39.100341,1-2,edge,515.1170886574841
B0K0TKSIEJ,顺丰速运(新会道店),117.275598,39.068404,2,center,3688.762439190679
B0HD5ZI98L,京东物流(天津振翔营业部),117.208381,39.101642,1-2,edge,569.5327647670061
B001608JJ0,中国邮政(谦德庄邮政所),117.212767,39.108402,1-2,edge,242.37471938183256
B001611UYP,天津桂发祥物流有限公司,117.256625,39.062116,2,center,2499.006111576402
B0KBBXNUAI,菜鸟驿站(花样年美年广场店),117.24984,39.07442,2,center,1376.1555826502874
B0L2FR1OO3,顺丰速运(创智店),117.242587,39.0626,2,center,1681.3896682252096
B0G19H9RYL,菜鸟驿站(柳江路店),117.211214,39.075961,1-2,edge,1737.5455939378678
B0FFMECI90,顺丰速运(水晶城店),117.231124,39.053136,2,center,2576.6790914009744
B0M6UOSRHP,中国邮政(陵水道邮政支局),117.255553,39.060096,2,center,2578.1678182077912
B0FFJF1MA1,菜鸟驿站(香水园店),117.209182,39.069572,1-2,edge,2237.2157360413585
B0J2HCMZVC,锦伦物流,117.226733,39.058614,2,center,2054.895372106711
B0G0AKOTJ7,免喜快递超市,117.210285,39.100659,1-2,edge,509.1720071127699
B0LGKDMJ5D,菜鸟驿站(桃江里店),117.217475,39.079675,1-2,edge,1060.6469992277948
B0FFJ1Y2VM,菜鸟驿站(天津河西连荣里社区底商17号店),117.210482,39.101302,1-2,edge,487.7465025102648
B0FFJ5KCK4,菜鸟驿站(兰江新苑店),117.254776,39.05464,2,center,2990.4945954307755
B0KAUHG6GV,顺丰速运(明珠店),117.23297,39.099533,1-2,edge,1201.9111889428748
B0JAGLGJVX,京东物流(天津纯正营业部),117.230236,39.086572,1-2,edge,297.81910320859936
B0G1J98M0P,菜鸟驿站(天津沅江道8号底商店),117.229691,39.085111,1-2,edge,154.89130424429848
B0FFKHX3OK,菜鸟驿站(天津澧新里55门一楼店),117.225769,39.082162,1-2,edge,325.97208375111114
B0FFJ68C5L,菜鸟驿站(华江里店),117.25806,39.055453,2,center,3100.3577610017405
B0K6LMKSQL,顺丰速运(瑞江花园店),117.231134,39.066688,2,center,1087.0574342253988
B0JR1APNC6,圆通妈妈驿站(宾荣小区向荣里店),117.198251,39.096445,1-2,edge,1612.0019049821049
B0K0OKCPG1,菜鸟驿站(天津河西马场道131津汇超市店),117.206575,39.109075,1-2,edge,313.8936970956449
B001606BRG,广东路邮政所,117.216425,39.097575,1-2,edge,247.5157040748962
B0FFKFN2MB,菜鸟驿站(天津西楼北里5号楼平房店),117.21672,39.10234,1-2,edge,154.59044263434748
B0K1TAQX9B,顺丰速运(尖山街店),117.223852,39.088526,1-2,edge,109.3956918566042
B0016088EY,中国邮政(越秀路邮电所),117.210204,39.092954,1-2,edge,886.9450287442944
B0FFHIK9CY,顺丰速运(绍兴道店),117.226079,39.111586,1-2,edge,1322.563834962866
B0FFF2FXJN,韵达快递(卡梅尔服务部),117.229937,39.07095,2,center,683.4716905340674
B0FFM8OVX7,菜鸟驿站(紫金南里店),117.18759,39.08724,1-5,edge,2588.1172926051195
B0FFIKEU27,菜鸟驿站(天津新会道8号店),117.26429,39.068877,2,center,2733.3451842949335
B0FFM7WKK1,菜鸟驿站(宾水东里店),117.1915,39.08195,1-2,edge,2903.511582125344
B0G1959ZV6,菜鸟驿站(天津桂江里3门105店),117.26501,39.05127,2,center,3849.7890507020543
B0FFKDWLKT,顺丰速运(河西科技大学店),117.273473,39.067484,2,center,3537.3733731029906
B0K2BGESLL,京东物流(天津祥瑞站),117.282868,39.066853,0,center,3879.7766259612604
B0H0KOTH73,菜鸟驿站(粤江里店),117.257725,39.062425,2,center,2552.9511339480746
B0FFHVLS8W,中国邮政(土城支局),117.232755,39.088036,1-2,edge,564.6350611610942
B0IBZUZJEV,妈妈驿站(仁湖里店),117.235816,39.048323,2,center,3103.0295059406776
B0H0VZZ3QA,韵达快递(富诚东里店),117.189307,39.068269,1-2,edge,3802.3044907888666
B0FFKBVZIX,菜鸟驿站(鹤园里店),117.203125,39.078075,1-2,edge,2230.241811840796
B0JAXD58WI,天津外国语大学马场道校区绍兴道快递柜,117.211472,39.106835,1-2,edge,238.2558785123779
B0FFHFULFW,天津君隆泰华国际货运代理有限公司,117.224212,39.104269,1-2,edge,782.6669319499196
B0ID0XBO84,菜鸟驿站(云山里店),117.266811,39.060858,2,center,3301.7602232977233
B0FFKPEX0U,菜鸟驿站(天津纯真里84门店),117.21926,39.07823,1-2,edge,1031.1815541620872
B0G19HA795,菜鸟驿站(友谊楼社区店),117.207425,39.093725,1-2,edge,1070.9655468104813
B0GR9DOZXT,妈妈驿站(双水道店),117.258514,39.058793,2,center,2863.676748881604
B0FFKCKSJH,菜鸟驿站(重华南里小区店),117.227204,39.096068,1-2,edge,572.8699467199332
B0FFIWUXYD,中和全运物流(泰达大厦店),117.221391,39.113007,1-2,edge,1050.044675814594
B0FFLGFI5E,妈妈驿站云江馨苑快递代收点(云江新苑店),117.254253,39.052862,2,center,3125.785268935983
B0HB6ZIN4G,兔喜快递超市(儒林园店),117.257239,39.048044,2,center,3715.252474253849
B0JB5X6T7N,菜鸟驿站(天津外国语大学马场道校区店),117.207325,39.106925,1-2,edge,361.7584091612242
B0FFK68MED,菜鸟驿站(柳苑公寓店),117.268336,39.074225,2,center,2966.6464671231984
B0L0Z6DFUR,宁波道16号妈妈驿站(台北路店),117.224967,39.108266,1-2,edge,1073.8724181629402
B0FFIA31O1,日信捷运(海景广场店),117.241142,39.095655,1-2,edge,1589.7523058021902
B0FFM51RO7,顺丰速运(越秀店),117.210914,39.092305,1-2,edge,874.0979410008348
B0L3XK0C2D,树杰桶装水配送中心,117.266418,39.070301,2,center,2868.937643503577
B0H3575PDR,菜鸟驿站(古芳里店),117.246175,39.081925,2,center,1224.2759892273673
B0L0ASBCM5,圆通极兔韵达申通快递,117.204115,39.09908,1-2,edge,1033.8050447754556
B001609SC8,可利国际运输集团,117.224221,39.10372,1-2,edge,757.1223539134104
B0H1OOX5HP,菜鸟驿站(津铁泽苑店),117.227906,39.076541,1-2,edge,502.85623363123085
B00160AB15,巨福熙园邮政所,117.238796,39.093891,1-2,edge,1318.8195442832052
B0FFMHBMT2,菜鸟驿站(新世纪城店),117.207125,39.075425,1-2,edge,2070.927060530522
B0L03RCTPA,菜鸟驿站,117.235225,39.082875,1-2,edge,455.9364101991265
B0FFIBA4YE,近邻宝快递服务中心(东江道店),117.273169,39.067567,2,center,3509.604299503709
B0K3DHUWWG,兔喜快递超市(文静里51号店),117.199375,39.094575,1-2,edge,1616.5125606818908
B0JU414UIB,韵达快递(奉化道公司),117.238304,39.095476,1-2,edge,1370.7549778959924
B0KUJ6FPSV,菜鸟驿站(天津和平公寓店),117.205749,39.101204,1-2,edge,777.5921110122148
B0FFIKE1S0,菜鸟驿站(华瑞达超市),117.203118,39.075756,1-2,edge,2363.881941612337
B0FFKVY0HH,资水道转运站,117.227804,39.088406,1-2,edge,233.12773729362806
B0JABXV0YM,菜鸟驿站(天津河西铂金湾8号楼底商店),117.23478,39.10065,1-2,edge,1401.460820248459
B0LU4SW5TB,京东物流(花园伍座轩店),117.227225,39.095475,1-2,edge,534.2010993958932
B0G2F92UIA,菜鸟驿站(天津微山东里26门店),117.264078,39.071077,2,center,2652.8212235335345
B0FFJAHH1O,建发物流(丽晶大厦店),117.219446,39.093052,1-2,edge,234.38346438997036
B0KUHUJY6X,极兔速递(围堤道店),117.221802,39.093683,1-2,edge,108.27724700200997
B0K6XU0GHH,顺心捷达(洪泽路店),117.240075,39.083775,1-2,edge,865.5804001889787
B0H0VX0KTE,菜鸟驿站(天津河西区美好里29号店),117.236225,39.090475,1-2,edge,968.4506760520363
B0J0XU5P0U,菜鸟驿站(柳林路店),117.285682,39.071364,0,center,3333.2129314003455
B0K1HK8HVI,菜鸟驿站(天津河西四信公寓底商2号店),117.24915,39.07893,2,center,1337.3205911355817
B00160CMQQ,天津汉万运通物流有限公司,117.213902,39.113164,1-2,edge,536.0265760056689
B0FFKWHJ92,收货部,117.256276,39.057851,2,center,2799.7650507569383
B0L32R40N7,妈妈驿站(永安道店),117.209515,39.104537,1-2,edge,324.0209171684396
B0IU2NHXQU,兔喜生活(纯正路店),117.216542,39.076989,1-2,edge,1298.7900329869399
B0LAK6C3UH,蜜罐快递柜,117.233225,39.092875,1-2,edge,845.6448125256686
B0L05CTJ7L,津滨雅都公寓正门丰巢速递易柜,117.210825,39.105675,1-2,edge,211.69526941108236
B0K0BAE1V9,京东物流(天津梅江营业部),117.246504,39.069375,2,center,1314.7972857870463
B0LRAH0BNI,顺丰速运(德望里小区店),117.218875,39.080825,1-2,edge,893.2880038763836
B0LBTR6JGF,菜鸟驿站(龙博花园店),117.271122,39.055115,2,center,3966.283153061625
B0K27C8LR7,顺丰速运(哪吒小镇店),117.253547,39.073988,2,center,1699.7407851800895
B0L0713OB1,顺丰速运(美年大厦店),117.249812,39.074375,2,center,1374.492263225026
B0L0BATWE9,北京城投国际物流集团有限公司天津科技分公司,117.246598,39.069694,2,center,1301.3967582644495
B0JA29B1NG,天快物流(天津汽配城店),117.227488,39.058472,2,center,2050.935659443149
B0JB76KAWJ,菜鸟驿站(半岛豪庭店),117.22429,39.05248,2,center,2768.794908226104
B0I0ZXGYHD,菜鸟驿站(平山里北区店),117.183575,39.095825,1-5,edge,1639.6336294528478
B0LKHSPI2I,中国邮政EMS(环湖东路),117.185981,39.084743,1-5,edge,2697.916309056172
B0L0RR85WV,七贤南里妈妈驿站,117.242801,39.082388,2,center,1021.245971732539
B0FFJLMEKG,顺丰速运(万象城店),117.215981,39.090234,1-2,edge,599.7809713164615
B0JDBX72CN,菜鸟驿站(天津河西区优仕公寓底商店),117.230775,39.053675,2,center,2520.2589184641033
B0FFJGYQEW,菜鸟驿站(元兴新里店),117.208104,39.101823,1-2,edge,573.9668549568246
B0G19H9JW7,菜鸟驿站(卫星里店),117.187984,39.096797,1-5,edge,1818.9214362368891
B0FFKBW0UG,菜鸟驿站(信昌大楼店),117.22144,39.102881,1-2,edge,499.92914615766693
B0FFF2OLYR,思多而特运输公司(天津分公司),117.206844,39.097449,1-2,edge,897.084239827197
B0KBG685J4,菜鸟驿站(天津河西西江道1号增2号店),117.22341,39.06644,2,center,1422.1744422096185
B0JG9X84FL,菜鸟驿站(优仕庭园店),117.22955,39.05676,2,center,2196.024767094721
B0FFKG7C9Q,菜鸟驿站(前程里社区店),117.221813,39.094595,1-2,edge,207.69914431298605
B0HA7SZ8S2,京东物流(天津复兴门营业部),117.249042,39.084099,2,center,1563.3079662204248
B0FFJO2HJE,菜鸟驿站(湘南里店),117.235911,39.097752,1-2,edge,1313.0000688675793
B0FFM7WOZD,菜鸟驿站(天津双山里31号底商店),117.26634,39.06304,2,center,3147.1226113135676
B0I0XXHT3W,菜鸟驿站(祥和里店),117.218,39.09302,1-2,edge,357.97498565466884
B0JR768WWS,菜鸟驿站(天津国贸购物中心店),117.215925,39.113875,1-2,edge,709.616085708009
B0LG5538KK,菜鸟驿站(天津三诚里11号楼1单元底商店),117.245037,39.078493,2,center,981.1069982778174
B0JKUZK5H4,美团配送合作商服务中心(黑牛城道店),117.247875,39.080675,2,center,1292.0801862145283
B0HRU7HOTW,菜鸟驿站(海建里店),117.199628,39.080987,1-2,edge,2341.299943996597
B0FFH5PXED,菜鸟驿站(光明里店),117.226775,39.083425,1-2,edge,162.89290829346044
B0K27KVEV6,菜鸟驿站(珠海里社区店),117.21144,39.09935,1-2,edge,448.10702210160105
B0FFGDXNA3,榆林路邮政所,117.260488,39.058351,2,center,3023.5462969302034
B0KR76GJTH,菜鸟驿站(天津河西玉水园3号3门101店),117.21337,39.07291,1-2,edge,1737.3665058114384
B0FFJKFMLZ,菜鸟驿站(玉峰花园店),117.271727,39.055868,2,center,3960.1411048456234
B0FFJKXK7X,菜鸟驿站(珠峰里店),117.269125,39.058725,2,center,3596.754647536361
B0FFH5PSAH,菜鸟驿站(海景商业楼店),117.239925,39.089725,1-2,edge,1176.2047258977968
B0HGJ1LGG1,菜鸟驿站(津淄东里店),117.18211,39.08462,1-5,edge,2488.9131529734354
B0G2A9C0QQ,菜鸟驿站(天津河西鹤望里24门北平房店),117.222175,39.098975,1-2,edge,349.82332717622967
B0FFH2URBZ,菜鸟驿站(宾水里小区店),117.182907,39.078012,5,center,3087.7162479928666
B0J3Z6QG1M,菜鸟驿站(柳苑公寓店),117.268025,39.075225,2,center,2933.6602112427386
B0K3DKF6M2,菜鸟驿站(天津河西左岸源境140底商店),117.25921,39.05328,2,center,3347.6294154719358
B0FFH5PSQV,菜鸟驿站(富诚东里店),117.189975,39.069275,1-2,edge,3699.190592725887
B0IGXOVJWL,菜鸟驿站(德望里店),117.21951,39.08129,1-2,edge,821.2573984674601
B0I0AXAK9F,菜鸟驿站(广田里店),117.216125,39.111625,1-2,edge,573.1165679112517
B0G229W3O8,菜鸟驿站(万科水晶城店),117.228374,39.046699,2,center,3316.491745502081
B0FFM9Q0RA,菜鸟驿站(五一阳光尊园店),117.195539,39.070795,1-2,edge,3195.448468437734
B0HRKOV40W,菜鸟驿站(环湖东里店),117.18576,39.08536,1-5,edge,2633.0541194083653
B0FFIKDS71,菜鸟驿站(儒林园店),117.257261,39.048295,2,center,3692.794959235257
B0016110Q9,瑞江花园邮政所,117.231016,39.066739,2,center,1083.9695897705403
B0FFKIW5DC,菜鸟驿站(北洋新里店),117.23939,39.09296,1-2,edge,1323.6495687216122
B0HBT14TR8,菜鸟驿站,117.238727,39.078102,2,center,454.9757016061879
B0H0VO0DE3,菜鸟驿站(尖山路店),117.223345,39.077785,1-2,edge,725.3268350990303
B0G19HA7A6,菜鸟驿站(纯皓家园店),117.220425,39.076075,1-2,edge,1034.472094795644
B0JDOXARPW,菜鸟驿站(名都公寓店),117.23055,39.07101,2,center,651.535907644169
B0FFKBW1ME,菜鸟驿站(西园西里店),117.20266,39.08012,1-2,edge,2155.6796667292056
B0HD5ZGSKE,京东物流(天津腾华营业部),117.290695,39.075983,0,center,2662.1594478853963
B0FFM8OUGD,菜鸟驿站(四新里店),117.213275,39.094125,1-2,edge,592.4034102871511
B0FFM3E6IR,99物流,117.227473,39.058334,2,center,2066.041880358623
B0FFJD0O9R,菜鸟驿站(新梅江雅湖里店),117.238525,39.043875,2,center,3614.5211321188494
B0LKLR8RS9,菜鸟驿站,117.234375,39.062425,2,center,1531.502209351612
B0FFI3JXP6,中通快递(西园支道店),117.202875,39.076321,1-2,edge,2356.117897295043
B0FFGXSRQO,天津好运连搬家运输服务有限公司,117.231603,39.08395,1-2,edge,308.0094768473935
B0FFJOJUKY,天津蓝海物流有限公司,117.185768,39.08725,1-5,edge,2476.8045856163703
B0FFKF4WWA,菜鸟驿站(龙海公寓店),117.23089,39.103553,1-2,edge,1255.6947963520029
B0FFM7WOT7,菜鸟驿站(生昌里店),117.19959,39.09676,1-2,edge,1499.1606139949167
B0LUHOCY8N,顺丰,117.22144,39.113247,1-2,edge,1064.6759932710722
B0KDACLG2K,菜鸟速递(天津陈塘庄站),117.240084,39.083801,1-2,edge,867.5583193698085
B0HGA9ZCX7,菜鸟驿站(存诚里店),117.219375,39.108625,1-2,edge,658.9353113982286
B0016112U4,骏高国际货运(中国)有限公司(天津分公司),117.2242,39.103794,1-2,edge,758.7697619314611
B0KA61AW44,中通快递友谊分部,117.222675,39.089125,1-2,edge,218.3499859815599
B0G19HA7BT,菜鸟驿站(无锡道大楼店),117.215825,39.109375,1-2,edge,485.218491734028
B0JKCRJKKC,爱湖里韵达快递超市(雅境·新枫尚店),117.239301,39.040726,2,center,3969.929899710579
B0FFI9JLZO,菜鸟驿站(三水南里店),117.261737,39.054894,2,center,3364.3729114322596
B0FFHBZIGK,上海环世捷运物流有限公司天津分公司,117.241225,39.095675,1-2,edge,1597.0814163383563
B0GKG9CGKS,菜鸟驿站(雅境·新枫尚店),117.23833,39.04108,2,center,3922.063731114086
B0HDH1FW7S,菜鸟驿站(气象南里店),117.184475,39.088675,1-5,edge,2285.1619399462065
B0FFMCUPK9,菜鸟驿站(宾西楼店),117.204142,39.082145,1-2,edge,1947.5920472004207
B0H6D9DY4A,菜鸟驿站(川江里店),117.25522,39.058589,2,center,2677.5434015527876
B0L05LV2WB,兔喜生活(健美里31门旁平房店),117.207852,39.096067,1-2,edge,904.3992849534852
B0FFFFGVIG,河西区妇幼保健计划生育服务中心,117.22819,39.0943,1-2,edge,550.6505855206012
B0LGBA0XGU,钰薪保健服务店,117.2323,39.042898,2,center,3705.6964130399224
B0KBYSSGP8,天津华厦眼科医院 · 近视矫正手术中心,117.185995,39.0849,1-5,edge,2685.2619576460584
B0JUL5Q294,金吉航医疗器械(南楼店),117.224153,39.094794,1-2,edge,287.0148755160974
B0KB5DIDI3,顶元医疗器械(医用氧气轮椅护理床),117.187779,39.068612,1-2,edge,3901.566335636285
B0K651KMWC,康复之家医疗器械(河西店),117.224221,39.094181,1-2,edge,240.88270214129471
B0JKD96GRR,硕昕医疗器械经销有限公司,117.223579,39.074085,2,center,934.9545707438689
B0FFG98REU,天津津药集团太平医药有限公司物流中心,117.133711,39.119995,5,center,3240.674868640629
B0FFLC8OL8,妈妈驿站,117.137475,39.105775,5,center,1933.4685391381656
B0FFKWJ3OO,德邦快递(天津南开区航海道经营分部),117.151088,39.110912,1-5,edge,1486.0642104011145
B0G19U8AUA,妈妈驿站(平定里店),117.132932,39.143367,6,center,2436.748399701765
B0FFM1Y3I9,妈妈驿站(长治里店),117.156725,39.127675,1-6,edge,2304.6229156527656
B0FFM1XO92,圆通妈妈驿站(连心里小区店),117.13297,39.139894,6,center,2720.866493820932
B0FFKRO3S8,妈妈驿站(熙悦汇购物中心店),117.123394,39.137113,6,center,3511.4356708694327
B0ID7CDM15,妈妈驿站,117.151557,39.139882,1-6,edge,1638.6200916819041
B0FFGHQRK8,中国邮政速递物流(南泥湾路),117.119137,39.135658,6,center,3891.6097353469404
B0FFKVH23P,妈妈驿站(雅安道店),117.137377,39.123959,1-5,edge,3357.315807862335
B0H0UCP2XK,金东方物流,117.152909,39.114125,1-5,edge,1642.6860306157641
B0HD3ZOF4V,京东物流(天津南开速递中心营业部),117.132697,39.121337,5,center,3412.185439477325
B0FFFP9KTT,顺丰速运(青年路店),117.159582,39.134063,1-6,edge,1624.4324325874059
B0FFG6XPC9,顺丰速运(奥城国际店),117.160335,39.072284,5,center,2768.722261486264
B0JURA1BEB,顺丰速运(迎水道店),117.135738,39.089968,5,center,1983.9377625389443
B0JRN5AS0E,顺丰速运(航海道店),117.151766,39.110941,1-5,edge,1454.2609223786549
B0JD2XRJ8G,菜鸟驿站(天津阳光100国际新城店),117.152434,39.07044,5,center,2981.7574842296417
B0G19H9C7F,菜鸟驿站(昆裕里小区店),117.176025,39.128575,1-6,edge,1091.3302518811659
B0FFKMQVJ2,菜鸟驿站(金谷园店),117.157842,39.07005,5,center,3001.9374776631557
B0IR1AS6IW,顺丰速运(鼓楼店),117.178035,39.137531,1-6,edge,247.23891441599193
B0KGFA2MO8,顺丰速运(龙亭店),117.181737,39.145921,1-6,edge,661.639303995787
B0LB3ZC0LY,顺丰速运(乐园里店),117.126815,39.147471,6,center,2584.1223092638697
B0G2OGDPU3,顺丰速运(嘉汇园店),117.141906,39.126103,1-5,edge,3269.84430212626
B0FFGHU8DW,三潭路邮政所,117.155764,39.122151,1-5,edge,2150.8884366111392
B0FFL4EZUX,中国邮政(华苑东路邮政所),117.149631,39.072215,5,center,2829.351512636893
B0FFM7WQ9K,菜鸟驿站(堤翠家园店),117.137343,39.096437,5,center,1684.3564644604303
B0H31SVV00,顺丰速运(奥体中心店),117.183909,39.070795,5,center,3737.6737753342236
B0J2CXC03U,菜鸟驿站(植园里北区店),117.15532,39.09738,5,center,137.13033350611173
B0HG41S6P1,菜鸟驿站(松江置地广场店),117.157208,39.114488,1-5,edge,1446.4885479938014
B0FFG8QV96,顺丰速运(创业大厦店),117.135437,39.120857,1-5,edge,3208.4737427233604
B0KGFSYFGS,顺丰速运(义兴里店),117.165722,39.121843,1-5,edge,1564.1022692203383
B0HD5ZGSFS,京东快递(天津杨楼站),117.163143,39.07246,5,center,2786.249711805636
B0FFIVJJHG,菜鸟驿站(平湖路社区店),117.159925,39.117525,1-5,edge,1524.056317298944
B0FFKG7C7X,菜鸟驿站(水畔花园店),117.150249,39.142388,1-6,edge,1492.7237080738473
B0HAY1YWIH,菜鸟驿站(凌奥创意产业园店),117.166474,39.062627,5,center,3915.322634662376
B0G0P1I9Y4,菜鸟驿站(天明路店),117.142381,39.143489,1-6,edge,1868.1027959982355
B0K64HQF5F,顺丰速运(怀安店),117.150496,39.129925,1-6,edge,2490.669605334624
B0K14KT0LK,菜鸟驿站(天津南开区航天光电产业园店),117.152239,39.103276,5,center,799.6757377686247
B0FFFEZBFP,中通快递(华坪路店),117.142084,39.119175,1-5,edge,2688.1894192945274
B0FFIY4FNY,菜鸟驿站(俊城浅水湾店),117.1578,39.066877,5,center,3354.5385966040735
B0KDDZ2A7G,京东快递(天津水上公园站),117.179931,39.08412,1-5,edge,2399.087683887577
B0J0X5HFZM,顺丰速运(二马路店),117.167397,39.129123,1-6,edge,1556.8966165390414
B0FFJ1L6J7,菜鸟驿站(府湖里店),117.161466,39.112829,1-5,edge,1050.0451100225257
B001616Y4O,中国邮政(川府新村邮政支局),117.12795,39.125047,5,center,3989.594189808478
B0G09AN3PS,京东快递(天津天拖站),117.14384,39.105431,5,center,1459.775315749603
B0FFLP10B9,菜鸟驿站(乐园里店),117.12896,39.148113,6,center,2388.018245207866
B0FFIKELXX,菜鸟驿站(安华里店),117.1405,39.07577,5,center,2753.5521404831943
B0G29CPDH2,京东物流(天津永基配送站),117.167628,39.140854,1-6,edge,609.0867892869127
B0FFGHUJAD,中国邮政(三马路邮政支局),117.174206,39.127884,1-6,edge,1256.2279936225552
B0FFIRL2IP,菜鸟驿站(园荫里店),117.146232,39.091435,5,center,1107.6585870248668
B0FFIKEALS,菜鸟驿站(尚佳新苑店),117.179838,39.145123,1-6,edge,478.325545372727
B0FFIT01HU,韵达快递(五金城店),117.119272,39.135786,6,center,3873.4616219498535
B0FFIR0O0P,菜鸟驿站(华阳里店),117.135311,39.139337,1-6,edge,2626.7490794109835
B0FFH5QB3X,菜鸟驿站(东北角艺术公寓店),117.189058,39.144574,1-6,edge,984.8686713592259
B0FFIQXLKN,菜鸟驿站(大园新居店),117.132525,39.147275,6,center,2180.6483140303853
B0KAJC6W7M,德邦快递(天津南开区霞光道经营分部),117.180114,39.084176,1-5,edge,2404.9889369809966
B0FFIKERXN,菜鸟驿站(天津昔阳东里1号楼店),117.128508,39.134561,1-6,edge,3418.022092026588
B0FFIVP81R,菜鸟驿站(南丰里小区店),117.162354,39.119824,1-5,edge,1572.402690678364
B0G3V9EB14,菜鸟驿站(翰园东里店),117.141925,39.140025,1-6,edge,2184.7828698711983
B0FFKGQW2R,菜鸟驿站(水上温泉花园店),117.153777,39.082045,5,center,1687.8356780234367
B0FFIKEOSS,菜鸟驿站(晋丰大厦店),117.176586,39.137661,1-6,edge,343.07456953016
B0LGLHNGXG,中国邮政(天宝路邮政所),117.159245,39.130961,1-6,edge,1895.430323160828
B0FFHPIRM5,顺丰速运(居祥里店),117.175066,39.091432,1-5,edge,1529.493197032485
B0KKU7L2V9,顺丰速运(天津大学店),117.170573,39.1139,1-5,edge,606.1620873618507
B0FFGJM9HC,百世汇通(学府街分部),117.164088,39.108491,1-5,edge,587.004070785158
B0FFL8EFIK,菜鸟驿站(幸福怡家店),117.12692,39.146671,6,center,2620.970410861979
B0FFL7M6QM,中通快递(玉泉里店),117.169084,39.116723,1-5,edge,932.6935344160877
B0FFGDV8CU,王顶堤邮政所,117.147099,39.084826,5,center,1597.1663790528276
B0H1XBZD4F,灵隐道邮政所,117.165285,39.123797,1-5,edge,1735.638933650173
B0FFKF9AVN,菜鸟驿站(兴泰西里店),117.163564,39.120713,1-5,edge,1574.8726173155349
B0HR6B6Z14,中国邮政(宜君里邮政所),117.123733,39.14485,6,center,2961.0327416205364
B0KGT5F0EF,顺丰速运(云阳西里店),117.135281,39.125314,1-5,edge,3587.8836110158977
B00161203T,中国邮政(华苑邮政支局),117.137989,39.082747,5,center,2274.440950249788
B0JD7H767I,京东快递(天津王顶堤站),117.148422,39.097673,5,center,730.3972324789707
B0HD5AI1VU,京东物流(天津天环营业部),117.152043,39.110894,1-5,edge,1436.3474332917833
B0016073Z1,中国邮政(双峰道邮政所),117.173974,39.117577,1-5,edge,716.0169037152199
B0JAA7DP5D,兔喜快递超市(融创中心春丰园店),117.144641,39.11382,1-5,edge,2093.952024628615
B0FFH256XW,中国邮政(芥园西道所),117.137219,39.144963,6,center,2053.94524284039
B0JDUZEN98,南开大学菜鸟驿站,117.170575,39.103975,1-5,edge,296.080703694068
B0I2PZCJGD,兔喜生活(飞云东里店),117.156162,39.121982,1-5,edge,2115.3714010271415
B0M69HB4J2,盒马配送,117.150275,39.088875,5,center,1070.0800723253965
B0FFH5Q62I,菜鸟驿站(拥军里店),117.132975,39.141125,6,center,2616.1222849457786
B0FFH7IOMM,菜鸟驿站(天江·格调花园店),117.165201,39.131599,1-6,edge,1493.7656249061806
B0FFLED9K9,快递超市(奥城商业广场店),117.168425,39.078144,5,center,2326.290962988188
B0J14HXOLQ,平祥大厦妈妈驿站,117.179675,39.131625,1-6,edge,628.5891096364081
B0FFJF1M99,菜鸟驿站(融创奥城店),117.162962,39.07589,5,center,2409.851708100491
B0I3TLJ7EA,兔喜快递超市(新都花园店),117.176858,39.119037,1-5,edge,715.62033979652
B001605XQL,孤山路邮政所,117.16042,39.127722,1-6,edge,2087.3883929159474
B0FFKQ7UZ0,菜鸟驿站(宝利国际广场店),117.16663,39.1265,1-6,edge,1817.0621034903809
B0I3TMAQTF,壹米滴答(南泥湾路店),117.120891,39.136949,6,center,3683.2009906811854
B0FFKZHYGZ,菜鸟驿站(春香里小区店),117.17081,39.120169,1-5,edge,1112.8559284315427
B0LGSH6OMO,中国邮政(津门故里主题邮局),117.191348,39.141418,1-6,edge,854.497845294656
B0IATHP0K2,百世汇通(飞云里店),117.155401,39.122732,1-5,edge,2221.4462006542085
B0L6BAYGSC,德邦快递(天津南开区金平路经营分部),117.135055,39.120444,1-5,edge,3199.19840677574
B0FFIN6FL0,中国邮政(华苑新城所),117.144001,39.076832,5,center,2505.2337094215814
B0K35H82NM,菜鸟驿站(兰坪路5号店),117.141819,39.120379,1-5,edge,2808.029488154875
B0FFLH6R0U,妈妈驿站(秋泽园店),117.141127,39.110277,5,center,2001.8677995427731
B0FFMCQ3AQ,顺丰速运(服装街店),117.173856,39.134437,1-6,edge,745.4733113783121
B0HBTL4DQW,妈妈驿站(雅川家园店),117.130343,39.127574,1-6,edge,3870.4874372327636
B0FFJCG0NK,菜鸟驿站(华苑新城程华里店),117.148025,39.071025,5,center,2990.8216845418347
B0FFIV8CPN,菜鸟驿站(地华里店),117.128221,39.084103,5,center,2858.5334560598626
B0JG7H00J1,圆通速递(南开天江分公司),117.128198,39.12919,1-6,edge,3867.654021325841
B0K2FSFKRK,中通快递(天津南开鞍山西道),117.141624,39.136227,1-6,edge,2502.133774468772
B0K6VSY8GE,顺丰速运(建材道店),117.139781,39.110883,5,center,2130.4869549306095
B0I11Z5IPC,圆通速递(淦江路店),117.146158,39.103727,5,center,1184.9724729986417
B0JAZZT79N,兔喜快递超市(横江里店),117.137668,39.105846,5,center,1923.097748836095
B0FFHIKB3T,中国邮政(西湖村邮政支局),117.171767,39.120611,1-5,edge,1093.9349224394084
B0FFIA2YLY,优速快递(南开十部),117.153537,39.124149,1-5,edge,2443.9129413456762
B0FFGI6KRH,嘉陵道邮政所,117.142911,39.12635,1-6,edge,3234.4867278934366
B0FFK988WW,德力西电气天津物流中心(南泥湾路店),117.122316,39.133113,6,center,3893.402121144208
B0JAVS0XTT,圆通妈妈驿站(奥城商业广场店),117.17012,39.07692,5,center,2513.1239048275274
B0I2RHS7CK,菜鸟驿站(天开高教科创园店),117.169022,39.116635,1-5,edge,927.7694419509672
B0HBF9YW27,菜鸟驿站(莹华里店),117.141685,39.082143,5,center,2110.5740312740604
B0I6ROYFJA,菜鸟驿站(玉泉公寓店),117.16973,39.12282,1-5,edge,1395.3472785430085
B0L0BLV22A,妈妈驿站(鞍山西道店),117.161772,39.116311,1-5,edge,1320.7843737843618
B0K3AZXAEO,兔喜生活(天津南开风湖里小学店),117.159822,39.112716,1-5,edge,1153.4652265321304
B0JULRST83,圆通妈妈驿站(宇翔园店),117.124962,39.141632,6,center,3079.760399329455
B0KGB6U7P6,菜鸟驿站(金环里店),117.138375,39.100425,5,center,1637.87673929946
B0IUVZNE71,妈妈驿站(广灵里小区店),117.144328,39.132463,1-6,edge,2650.8660293227463
B0FFH5PTWC,菜鸟驿站(凯兴天宝公寓店),117.159765,39.131087,1-6,edge,1852.7723310346692
B0FFIVZ9FF,菜鸟驿站(观园里社区店),117.152857,39.085897,5,center,1285.5532236202303
B0KBZS8W7A,顺丰速运(育良道店),117.151702,39.079885,5,center,1958.0979621179204
B0JU415G71,极兔速递店,117.145643,39.102903,5,center,1166.2658185714158
B0G19H8I8W,菜鸟驿站(迎风里店),117.148775,39.084075,5,center,1600.7014452683463
B0JAH1LFMN,圆通妈妈驿站(航天北里店),117.157361,39.102601,1-5,edge,439.9626653995415
B0IR778A7G,妈妈驿站(水上温泉花园店),117.15278,39.081373,5,center,1776.6471803470367
B0FFFFZ0UD,昌宁南里邮政支局,117.144831,39.103039,5,center,1233.0939652952586
B0JUOM7T86,快宝驿站(西湖里社区店),117.166627,39.11912,1-5,edge,1272.7269261213198
B0K6HUB9UL,长江里邮政所,117.154894,39.128622,1-6,edge,2349.201189733203
B0K0J9ATCE,顺丰速运(长江道店),117.145714,39.131578,1-6,edge,2636.8775784773416
B0L0JZF6CK,盒马收货部,117.180325,39.135575,1-6,edge,376.02167517257885
B0FFL4NDGR,兔喜快递超市(南丰路店),117.16346,39.119887,1-5,edge,1511.5261528195251
B0L1RSAYEB,京东快递天津叠彩道营业部,117.178384,39.096016,1-5,edge,1346.6027691876427
B0IDLXSULT,菜鸟驿站(融创中心店),117.14702,39.11029,1-5,edge,1673.2572331407287
B0H0U7PYPE,兔喜快递超市(貌川里店),117.129543,39.124934,1-5,edge,3888.3829594645185
B0FFH5QCCH,菜鸟驿站(天津南开航海道119号店),117.151033,39.110867,1-5,edge,1484.9378578218507
B0FFH40GM3,菜鸟驿站(灵石里小区店),117.135872,39.141497,6,center,2425.7296086195183
B0FFM7WS1K,菜鸟驿站(望园里店),117.175975,39.097625,1-5,edge,1072.7754571790347
B0JAVS20BW,菜鸟驿站(奥城商业广场店),117.170025,39.077075,5,center,2494.045445996552
B0JG1CFJLS,日环里兔喜快递超市(红旗路店),117.149924,39.111726,1-5,edge,1618.989328030853
B0FFHRWKT9,中通快递(南开二部公司),117.135539,39.120275,1-5,edge,3156.316663262539
B0FFHF0UME,菜鸟驿站(汾阳里店),117.153025,39.14187,1-6,edge,1388.7485465829982
B0LUUNM2NL,菜鸟驿站(华宁北里店),117.140198,39.105768,5,center,1733.920006080521
B0FFM7WE7U,菜鸟驿站(堤北里店),117.14228,39.096148,5,center,1260.8684439498109
B0FFH5Q3ZU,菜鸟驿站(怀仁里小区店),117.16932,39.13626,1-6,edge,866.4806937908492
B0FFG7CUFH,中通快递(天津南开四部营业部),117.17556,39.128743,1-6,edge,1105.9372825107405
B0FFKMQW2F,菜鸟驿站(阳光晶典苑店),117.184175,39.138525,1-6,edge,313.3632125066409
B0KBKB7PHF,菜鸟驿站(燕园里店),117.146225,39.095875,5,center,925.6049401187718
B0KAY6NXN6,菜鸟驿站(凌奥花园店),117.173631,39.065547,5,center,3789.3205371589197
B0FFM941AV,菜鸟驿站(金庄花园公寓店),117.181814,39.071358,5,center,3577.2463816550394
B0FFIKEE8V,菜鸟驿站(天津壹街区静德花园店),117.18843,39.143052,1-6,edge,842.4777209950479
B0FFHEU673,菜鸟驿站(长江里店),117.154993,39.127431,1-6,edge,2430.9752539256215
B0H2XOGU8V,菜鸟驿站(天津南开区华章里1号楼底商店),117.158625,39.120475,1-5,edge,1856.0221092942454
B0HDYORMAT,菜鸟驿站(天津市南开区云阳东里5门店),117.141182,39.123943,1-5,edge,3130.999078557642
B0FFIKEN83,菜鸟驿站(仁善里社区店),117.178425,39.135175,1-6,edge,453.99127141449105
B0FFKGLHWX,菜鸟驿站(平祥大厦店),117.17964,39.13827,1-6,edge,95.49444534356792
B0FFJL6E24,菜鸟驿站(群富里店),117.172225,39.119441,1-5,edge,969.9969398640353
B0FFM7F5PQ,菜鸟驿站(嘉陵北里小区店),117.137542,39.126681,1-6,edge,3518.7431130040463
B0FFIV8CF0,菜鸟驿站(居华里店),117.145675,39.078275,5,center,2298.151163276225
B0FFIV8CLI,菜鸟驿站(风湖里店),117.159325,39.112925,1-5,edge,1201.846191810616
B0FFJB59RH,菜鸟驿站(雅云里店),117.142366,39.143454,1-6,edge,1871.7944085981028
B0K1F4M2XU,妈妈驿站(林苑北里北区店),117.141483,39.088939,5,center,1602.6476914742432
B0FFHZX5RQ,菜鸟驿站(华宁南里店),117.139348,39.10184,5,center,1601.6611486214679
B0FFJEVFBU,菜鸟驿站(天房天拖·美坪园店),117.13853,39.113733,5,center,2438.1845585560795
B0K2TKVQ8L,菜鸟驿站(保山南里店),117.14554,39.105363,5,center,1345.0406287953003
B0FFJN7IYP,菜鸟驿站(卧龙北里店),117.151325,39.121575,1-5,edge,2353.750879766133
B0FFH5Q442,菜鸟驿站(宜君里店),117.123688,39.144718,6,center,2972.058113505504
B0FFMA5O24,菜鸟驿站(林苑东里店),117.14523,39.08851,5,center,1379.7652298529754
B0FFIRVSC0,菜鸟驿站(绮华里店),117.13434,39.085947,5,center,2300.661016179033
B0HAH1MBL3,菜鸟驿站(煦园新居店),117.186731,39.139286,1-6,edge,432.75046988883526
B0FFH7IOMO,菜鸟驿站(群富里店),117.17312,39.12068,1-5,edge,1029.7062229671324
B0FFIKEMPD,菜鸟驿站(龙亭家园店),117.183905,39.144729,1-6,edge,711.4234487095167
B0LUNL33WD,天津众成科技运力交付中心,117.161124,39.13727,1-6,edge,1265.859468210385
B0FFIKEXNI,菜鸟驿站(邮电公寓店),117.177979,39.136496,1-6,edge,338.510468547218
B0K6H6C110,菜鸟驿站(南丰里小区店),117.16115,39.11983,1-5,edge,1648.0282161516113
B0K1HKEN8T,菜鸟驿站(华苑新城商业中心店),117.14806,39.07306,5,center,2771.76212369176
B0FFH5QCL4,菜鸟驿站(航天北里店),117.15716,39.102691,1-5,edge,459.8554976721414
B0FFKBVYN9,菜鸟驿站(水郡花园店),117.144175,39.147575,1-6,edge,1449.3923177070722
B0FFK2ZPOB,菜鸟驿站(红和里店),117.170502,39.132788,1-6,edge,1083.7269091723556
B0JD96U1E5,菜鸟驿站(天津南开荣迁东里14号楼店),117.156721,39.100912,1-5,edge,414.83779894104475
B0KR76HLS4,菜鸟驿站(宜川北里店),117.152075,39.139225,1-6,edge,1650.39862385574
B0FFMCG5EU,菜鸟驿站(纳德老年公寓店),117.146628,39.140958,1-6,edge,1825.7076747599492
B0KDU6X228,菜鸟驿站(苏堤西里店),117.151113,39.125118,1-5,edge,2658.0664528052835
B001605RYC,中国邮政(花港里邮政支局),117.159405,39.117154,1-5,edge,1519.750600193578
B0K0OKJIDM,菜鸟驿站(碧华里店),117.13874,39.08132,5,center,2344.305964989888
B0FFKEPMAS,菜鸟驿站(林苑西里店),117.1449,39.08592,5,center,1609.5679382338856
B0FFH5Q3C0,菜鸟驿站(淦江西里店),117.143521,39.101898,5,center,1270.6091301259676
B0I63XY1SM,菜鸟驿站(凤园北里店),117.148725,39.090275,5,center,1027.7979464054854
B0GD5U3HNM,菜鸟驿站(尚佳新苑店),117.17912,39.14568,1-6,edge,479.4351464035634
B0LUDRDBNE,中国邮政(西关大街营业部),117.166788,39.141539,1-6,edge,586.8325660688911
B0J136G4PT,菜鸟驿站(南开文化传媒大厦店),117.156584,39.137139,1-6,edge,1567.1273561404093
B0I3ZXXOCF,菜鸟驿站(天津南开区铁路沿线底商6号店),117.158275,39.067775,5,center,3256.011789804586
B0FFKMQUUX,菜鸟驿站(凯立天香家园店),117.157087,39.130464,1-6,edge,2072.6269470945763
B0HDTHKXGQ,京东物流(金杭大厦店),117.150977,39.110551,1-5,edge,1460.108522107676
B0L0GR4R3I,圆通速递云阳西里店,117.134908,39.124926,1-5,edge,3574.986967234029
B0K0ONDK79,菜鸟驿站(天津南开石坪道78号店),117.13989,39.11608,1-5,edge,2562.0074790190015
B0J17SIG97,滴滴货运天津云峰司机服务中心,117.140845,39.128007,1-6,edge,3213.896504362222
B0LGYD6WF4,菜鸟驿站(金谷园店),117.15863,39.07188,5,center,2801.454456062491
B0FFH78NNZ,菜鸟驿站(风荷新园店),117.166575,39.131375,1-6,edge,1446.5482401084926
B0KBKOGCOI,兔喜快递超市(奥城公寓店),117.168421,39.077956,5,center,2345.0390112517
B0FFIKEYAH,菜鸟驿站(云阳西里店),117.135588,39.124969,1-5,edge,3541.4066619343016
B0FFGI0YWX,南江路邮政所,117.135308,39.123822,1-5,edge,3459.0149051804788
B0LRUDBR26,济兴家用医用氧气配送,117.149043,39.106578,5,center,1256.6347428689187
B0I2TXVMNO,菜鸟驿站(宁福里店),117.17632,39.0906,1-5,edge,1671.8605508181354
B0FFH9BA5K,向阳路邮政支局,117.133445,39.143493,6,center,2395.6007387157483
B0FFMF1AQS,兔喜快递超市(旧津保道店),117.142148,39.144077,1-6,edge,1836.2580821278618
B0FFGK8C5S,中通快递(天津阳光100国际新城店),117.15583,39.069527,5,center,3060.118018194253
B0FFKBW0BR,菜鸟驿站(天津宜宾道9号底商店),117.13298,39.12754,1-6,edge,3716.217192889583
B0FFLA9OKW,申通快递(天津大学公司),117.164022,39.109155,1-5,edge,637.1056457164576
B0G3DKZNHK,韵达快递(宇翔园店),117.125017,39.141704,6,center,3071.07346658192
B0K2KGYFKZ,京东物流(天津安泽里营业部),117.135041,39.144224,6,center,2241.4316705811825
B0FFI59UL4,丰巢快递柜(新都花园店),117.179122,39.119238,1-5,edge,568.8725765246933
B0GDROF8SQ,灵石里百世邻里(灵石里小区店),117.135819,39.141504,6,center,2427.8918547650264
B0FFMDI2VH,菜鸟驿站(天华里教师村店),117.13492,39.07989,5,center,2686.2505369567866
B0M6L55QWS,申通快递,117.153425,39.124025,1-5,edge,2438.81929355596
B0L0D6L4ZK,藏式健康管理中心,117.149505,39.072489,5,center,2802.078066964859
B0HRACM03F,康加医疗器械(黄河道店),117.143164,39.137515,1-6,edge,2306.914268424332
B0I1J5BJVS,天津广济康安医疗器械有限公司,117.143485,39.137525,1-6,edge,2286.6841452583076
B0FFH6UEDX,中康医疗器械(云栖里东南),117.173276,39.114583,1-5,edge,554.6977326219575
B0J6P1ELBY,康加医疗器械(制氧机呼吸机雾化器专卖),117.165483,39.125344,1-5,edge,1846.8714036317176
B0JA7AW7RV,和嘉康健康服务中心,117.170172,39.076903,5,center,2516.854344250658
B0LR06KXEW,瑞齐宁服务中心,117.146171,39.131871,1-6,edge,2586.178962507173
B0J1G1D75L,康复之家医疗器械(源德里店),117.174263,39.128079,1-6,edge,1237.684700055341
B0FFIU1EVF,菜鸟驿站(昌图楼小区店),117.142718,39.187818,6,center,3342.91066604303
B0FFIL9NWZ,菜鸟驿站(米兰弘丽园东区店),117.160107,39.150916,1-6,edge,220.49472454720117
B0JDYHYVA5,十三段妈妈驿站(新宾路店),117.153351,39.18632,6,center,3057.707953368863
B0H0XC6I1W,妈妈驿站(彰武楼店),117.146106,39.183463,6,center,2802.918841531562
B0J36LHEPP,菜鸟驿站(丁字沽三段小区店),117.160984,39.177451,6-9,edge,2055.0437256801183
B0H0XC6963,妈妈驿站(涟源里小区店),117.144335,39.161871,6,center,817.6197641084653
B0IUP7RMHG,中国中铁(子牙河南路店),117.177581,39.160555,6-9,edge,114.52897040619875
B0IBBSLKKF,中国邮政(西站营业部),117.159028,39.160626,6-9,edge,179.73190650526004
B0G2AK2O5W,妈妈驿站(龙禧园店),117.138987,39.158976,6,center,1205.307242154876
B0FFFEZB4Y,顺丰速运(光荣道店),117.152042,39.174865,6,center,1785.5629365890443
B0FFKN0OQJ,顺丰速运(闻涛园店),117.129,39.162,6,center,2096.206533007149
B0G0BN0GHM,鑫圣物流(天鸿大厦店),117.184225,39.149425,1-6,edge,1083.0887551378073
B0KK96KDEB,中国邮政(湘潭道邮政所),117.15332,39.161364,6,center,284.1993081022392
B0GRDCJTDW,京东快递(天津老城厢营业部),117.174179,39.155308,6-9,edge,499.6478421802374
B0JKH7B8QK,顺丰速运(北马路店),117.160714,39.14628,1-6,edge,583.5871120517047
B0FFIPF8P8,菜鸟驿站(民畅园店),117.130075,39.166275,6,center,2140.3835962007074
B0GU3LK1EW,鸿发物流,117.184454,39.148417,1-6,edge,1019.0819416267407
B0FFLP1MNN,菜鸟驿站(天津红桥桃花园南里75号店),117.168625,39.181075,6-9,edge,2424.675466956967
B0FFK29N0W,顺丰速运(洪湖里店),117.169544,39.169115,6-9,edge,1096.7463003429812
B0FFIQ1M2Z,菜鸟驿站(仁爱花园店),117.14507,39.15514,6,center,794.4216769942556
B0FFIKENW5,菜鸟驿站(龙禧园店),117.144336,39.161886,6,center,818.23409744539
B0FFJM8J4L,菜鸟驿站(天津红桥惠灵顿30号底商店),117.172275,39.152425,1-6,edge,627.9533269788703
B0KU6R4LM2,京东物流(永明营业部),117.131766,39.175542,6,center,2606.940897949326
B0016161P2,韵达快递(金领花园店),117.178787,39.149447,1-6,edge,788.0401341543495
B0LGFAP5EJ,中国邮政(西北角主题邮局),117.171505,39.146181,1-6,edge,71.10833551149891
B0J0UD8LDC,闪送骑士之家,117.137968,39.17523,6,center,2236.051305152257
B0HRVXG1I3,菜鸟驿站(欧澜家园店),117.149979,39.186983,6,center,3141.8111332359235
B0FFGHUDCS,凤城楼邮政支局,117.150095,39.185564,6,center,2983.738400428179
B0LUGME6K5,德邦快递(天津红桥区河北大街经营分部),117.17861,39.154592,6-9,edge,559.2402664516317
B0FFIGXF65,中国邮政(西青道邮政所),117.136537,39.154144,6,center,1509.0047219981334
B001611ASM,四新道邮政支局,117.159366,39.180507,6-9,edge,2389.41877198553
B00160CNBL,宏达土产配货中心(风顺公寓店),117.164529,39.175425,6-9,edge,1804.6170143069085
B0JG2XHABR,韵达快递(风光里小区店),117.167261,39.175038,6-9,edge,1765.8318522266277
B0HAL16A6Y,菜鸟驿站(河工大1号),117.174022,39.17735,6-9,edge,2003.9147739237083
B0FFH5QCPQ,菜鸟驿站(同心楼小区店),117.149019,39.179703,6,center,2346.5384068914645
B0I15XZERW,阁林园31号楼菜鸟驿站,117.135075,39.158925,6,center,1542.5231867505408
B0FFJKSIHQ,菜鸟驿站(逸树园物业楼底商店),117.130555,39.160186,6,center,1938.114965439525
B0KKOKK0RD,菜鸟驿站(天津红桥区中海云麓公馆配建店),117.16568,39.14321,1-6,edge,538.3904265104555
B0KD26X40H,菜鸟驿站(天津红桥开源道4号店),117.142722,39.187849,6,center,3346.1442621669567
B0FFGKP89Y,咸阳北路邮政支局,117.136497,39.162097,6,center,1465.7733502237963
B0FFLIISQI,妈妈驿站(胜灾南路店),117.156462,39.185927,6-9,edge,3001.694704993956
B0ID2XMPY6,菜鸟驿站(和苑·全和园店),117.108931,39.158346,6,center,3797.011546259558
B0FFHCHU97,菜鸟驿站(和苑家园店),117.116725,39.158775,6,center,3124.632197671125
B0JBMXY2FR,菜鸟驿站(登发装饰大世界有限公司店),117.14845,39.15957,6,center,398.04599459480653
B0G19HA77Y,菜鸟驿站(亚运里店),117.171265,39.179351,6-9,edge,2217.851671087087
B0FFHR1E4T,韵达快递(明华里店),117.15742,39.144395,1-6,edge,935.3558873117908
B0J2LR1BHJ,极兔速递(丁字沽零号路店),117.159753,39.185839,6-9,edge,2982.606421050493
B0JUA6NGHO,妈妈驿站(新凯里店),117.13711,39.185767,6,center,3293.0641495060995
B0FFLIQ026,中通快递(福居公寓北区店),117.147591,39.175455,6,center,1906.5411488224736
B001610T00,中国邮政(江源西道邮政所),117.128119,39.161661,6,center,2165.307405808815
B0FFGIAKM9,行通物流(天鸿大厦B座店),117.184651,39.14973,6-9,edge,1120.1105444794525
B0FFH9ZZLB,中国邮政(萍乡道支局),117.1572,39.168246,6-9,edge,1041.113642750995
B0FFH5Q19Q,菜鸟驿站(天津红桥跃进里9号楼店),117.142643,39.152516,6,center,1133.1118738470273
B0HKCDARYH,河北工业大学(红桥校区)东院-顺丰快递接收点,117.174092,39.177606,6-9,edge,2031.1036491578102
B0FFH9JG6M,中嘉路邮政所,117.145123,39.173005,6,center,1715.7787219700215
B0FFKCKSH2,菜鸟驿站(闸桥南路店),117.155246,39.149323,1-6,edge,667.8764536422678
B0KUF6XZ00,兔喜快递超市(光荣道店),117.177864,39.177785,6-9,edge,2021.5619760907864
B0016165AF,中国邮政(大胡同邮政所),117.184532,39.149372,1-6,edge,1097.1864864904312
B0GUCC71BH,顺丰速运(西站店),117.168695,39.155217,6-9,edge,521.544740506169
B0FFHDOM3X,菜鸟驿站(千吉花园店),117.175975,39.153075,6-9,edge,748.8361939961536
B0L0RO82D4,丰巢快递柜(子牙里北门丰巢柜店),117.164583,39.166366,6-9,edge,799.4200689406714
B0FFKBW1AJ,菜鸟驿站(万通·上游国际店),117.182026,39.154664,6-9,edge,606.17662359655
B0I0JH34AZ,兔喜快递超市(龙禧园北区店),117.143279,39.161675,6,center,893.3000509799411
B0K27K3H82,菜鸟驿站(千禧园东区店),117.140722,39.156416,6,center,1089.0159644072098
B0FFKECDR6,菜鸟驿站(金钟里店),117.187525,39.148125,1-6,edge,1194.4787621656726
B0KACLX38I,顺丰速运(大明道国和园店),117.111,39.163,6,center,3647.8205685582448
B0KUN6B0IZ,菜鸟驿站(竹溪雅苑店),117.132253,39.177861,6,center,2769.403289165492
B0JRYD8BDT,四构件妈妈驿站,117.121351,39.153738,6,center,2783.895087733922
B0HKZUSEM3,妈妈驿站(秀水苑店),117.146083,39.173238,6,center,1709.158290075538
B0LR3RFEI4,拼多多驿站(四新道店),117.160693,39.183406,6-9,edge,2714.611713981374
B0KGFZ1X5H,顺丰速运(陆家嘴店),117.174312,39.146977,1-6,edge,315.84937103985345
B0H33YSYFY,菜鸟驿站(金联公寓店),117.156483,39.153036,1-6,edge,290.17020747019365
B0FFIATR09,新红路邮政支局,117.169097,39.169302,6-9,edge,1124.6008847478618
B0L3PDGQBI,京东物流(陆家嘴金融广场A座店),117.174143,39.14699,1-6,edge,303.8161612325457
B0M6DO86DY,顺丰速运,117.168075,39.179925,6-9,edge,2303.8239990051966
B0FFH5Q9XZ,菜鸟驿站(宁城楼店),117.143375,39.182625,6,center,2772.773547402342
B0LGPYKKWY,菜鸟驿站(天津红桥乐安里2号楼满满驿站店),117.15108,39.1458,1-6,edge,1183.8957986694484
B0I61649SD,菜鸟驿站(流霞里店),117.175775,39.168025,6-9,edge,957.3451914334498
B0LKBXV0IE,顺丰速运(新基业存车处),117.168025,39.176175,6-9,edge,1892.5824072263213
B0G2T17L06,中国邮政(大明道邮政支局),117.110423,39.162834,6,center,3694.8995989865575
B0FFIV8CDF,菜鸟驿站(水木天成依湖园店),117.131457,39.163378,6,center,1922.2943032210653
B0HRVOE6GG,菜鸟驿站(天鸿大厦A座店),117.185275,39.149625,6-9,edge,1134.1763259730474
B0FFKBVX9K,菜鸟驿站(风采里小区店),117.164975,39.177425,6-9,edge,2025.5065878377711
B0FFKDGJ0Q,菜鸟驿站(东大楼小区店),117.160658,39.183311,6-9,edge,2703.922037339158
B0GKH93RQV,菜鸟驿站(先春园泉春里店),117.1688,39.14858,1-6,edge,197.2399638330489
B0FFM7WTBL,菜鸟驿站(天津红桥礼貌楼24门后存车处店),117.158446,39.170699,6-9,edge,1300.6350704328288
B0FFKBVZ69,菜鸟驿站(风貌里店),117.165168,39.172697,6-9,edge,1499.5364810239153
B0HA2PO5WN,菜鸟驿站(水木天成店),117.134149,39.160369,6,center,1631.3875010261409
B0FFKHE1Z5,菜鸟驿站(康华里店),117.15848,39.14519,1-6,edge,811.1064028461973
B0G19H9JM7,菜鸟驿站(虹都名苑店),117.154012,39.172043,6,center,1472.7656333672442
B0FFMAMBWF,菜鸟驿站(怡水苑店),117.147425,39.172525,6,center,1596.6999663824195
B0FFLEKPXG,菜鸟驿站(和苑·康和园店),117.11022,39.156746,6,center,3692.773657984832
B0H1LOHKB9,菜鸟驿站(千里堤辅路店),117.13251,39.18076,6,center,3009.9087446946937
B0HRCON2EC,菜鸟驿站(绮水苑店),117.145025,39.175575,6,center,1984.5257069677023
B0J3Z6Q8B7,菜鸟驿站(凤城楼店),117.14953,39.18472,6,center,2894.7996890320296
B0FFMG7DKB,菜鸟驿站(米兰紫芥园店),117.157796,39.149092,1-6,edge,504.507933078719
B0JU769S2Q,菜鸟驿站(营和园店),117.12043,39.16215,6,center,2829.4032550279326
B0FFH9N4FZ,菜鸟驿站(水木天成临湾园店),117.134225,39.163875,6,center,1710.58342664333
B0IRJ7NPR5,菜鸟驿站(民康园店),117.12303,39.161339,6,center,2596.079464147386
B0FFHRVPUE,菜鸟驿站(名景花园店),117.118673,39.153953,6,center,3005.9510049734504
B0H13ONUBF,菜鸟驿站(天津西青绵和园底商29号店),117.112625,39.158375,6,center,3478.4979190138133
B0IG5XP0PA,菜鸟驿站(天津红桥集平里9门店),117.147425,39.172525,6,center,1596.6999663824195
B0FFH5Q2JF,菜鸟驿站(五峰里店),117.166475,39.170375,6-9,edge,1243.6850604780027
B0LR6AFCCR,菜鸟驿站(宏泰公寓店),117.151939,39.174938,6,center,1794.08799549674
B0FFL8Y780,菜鸟驿站(龙悦花园店),117.142765,39.149076,6,center,1395.7775260170035
B0FFHYMOT2,菜鸟驿站(梦和园店),117.110075,39.161975,6,center,3714.4815984123225
B0I3RX1AJY,菜鸟驿站(银杏公寓店),117.170612,39.169142,6-9,edge,1087.1029020755539
B0FFLA7ND2,菜鸟驿站(龙禧园南区店),117.142875,39.161375,6,center,915.0597707059392
B0FFJXPBWN,菜鸟驿站(千禧园店),117.137625,39.155325,6,center,1378.6595268873175
B0KAJKTMX6,菜鸟驿站(民畅园店),117.13191,39.16613,6,center,1988.8149115996307
B0IRFOF9C1,菜鸟驿站(海源公寓店),117.148292,39.161745,6,center,517.5862402952649
B0FFIC5VP3,圆通速递(江源道店),117.129284,39.157924,6,center,2044.2434792898732
B0FFKBVYOG,菜鸟驿站(幸福里店),117.140725,39.151525,6,center,1331.3098274656209
B0HAR71WP9,韵达快递(龙禧园北区店),117.144275,39.161725,6,center,815.7741087060936
B0JRNUCVUW,顺丰速运合作点千禧园东区店,117.139778,39.156055,6,center,1177.9329829983617
B0G0V9LUT5,菜鸟驿站(和富里店),117.151375,39.177625,6,center,2095.1756329658533
B0G2BRAUOR,菜鸟驿站(营和园店),117.122872,39.162123,6,center,2620.3885030868187
B0FFMAG8VS,菜鸟驿站(本溪路店),117.141354,39.183574,6,center,2928.5463960517286
B0G3Z1UAYB,快递超市(明华里店),117.157486,39.144364,1-6,edge,932.4380930132078
B0K27K6GDW,菜鸟驿站(济津楼小区店),117.162625,39.167275,6-9,edge,930.6568814389416
B0HBR5746N,申通快递(红桥洪湖里公司),117.159558,39.186035,6-9,edge,3004.2016386367122
B0FFMCGISX,菜鸟驿站(御河湾店),117.17253,39.15544,6-9,edge,445.73947949686806
B0K1U7B9BG,菜鸟驿站(新春花苑店),117.169556,39.144612,1-6,edge,173.92021329942241
B0JDGZZDZZ,京东快递(天津西青道站),117.123113,39.155107,6,center,2606.874050665102
B0FFKGO6LL,菜鸟驿站(金筑家园店),117.140165,39.164395,6,center,1265.6064245410355
B0K37AK8R3,菜鸟驿站(青春南里店),117.169501,39.170747,6-9,edge,1276.2901851801887
B0FFIWBLH7,菜鸟驿站(水木天成逸树园店),117.130542,39.160139,6,center,1938.8315885352922
B0GDLUHC2J,满意摄影菜鸟驿站(潞河园店),117.158875,39.184675,6-9,edge,2853.0384054028077
B0KAC71BBH,菜鸟驿站(红旗楼店),117.158152,39.174725,6-9,edge,1749.020756675255
B0KDUUDXNG,菜鸟速递(天津北辛庄站),117.145663,39.162783,6,center,768.2723417924764
B0JU1XWO6E,申通快递(海源公寓店),117.148424,39.161835,6,center,515.2256283888821
B0IGOUHWGK,申通快递(天津红桥商学院公司),117.157658,39.185811,6-9,edge,2982.325135116924
B0L2NSHOFG,菜鸟驿站(和苑家园店),117.114926,39.158401,6,center,3280.082533025078
B0LKSOK30I,丰巢柜,117.158775,39.161175,6-9,edge,243.2161130704919
B0LRULD1AW,顺丰速运(天鸿大厦店),117.184619,39.149634,1-6,edge,1123.3311322820837
B0LUS40Q1V,二刚物流,117.1849,39.149541,1-6,edge,1132.8677842969305
B0J25RK95R,兔喜生活(丁字沽一号路店),117.168415,39.175619,6-9,edge,1826.021973931601
B0KDUH3XWG,菜鸟速递(天津丁字沽站),117.145968,39.181659,6,center,2609.90622719661
B0JUV6WNU4,兔喜快递超市(明华里店),117.154987,39.144663,1-6,edge,1037.1826360720936
B0JB3ZBIEK,兔喜生活(光荣道店),117.147988,39.175817,6,center,1937.7468099550194
B0KUDR3ZHK,丰巢快递柜(草原楼店),117.161825,39.166875,6-9,edge,901.403698824528
B0KUDRAML6,兔喜生活,117.150625,39.18674,6,center,3110.7756978268376
B0K3UNIWSA,兔喜生活(红旗路店),117.151659,39.151081,1-6,edge,705.2894921384438
B0LK2UR5AC,韵达快递超市,117.164425,39.174225,6-9,edge,1671.835246582046
B0KU29PVSH,妈妈驿站,117.145625,39.153175,6,center,891.6059900883688
B0M6L55OZW,兔喜快递柜,117.155495,39.181918,6-9,edge,2566.7617292443697
B0FFG9HAQA,韵达快递(正源公寓便利店分部),117.143073,39.159406,6,center,855.3486058048907
B0M6NHEUVY,妈妈驿站(南运河南路店),117.18474,39.149702,6-9,edge,1123.4099710337987
B0J13BI248,红桥明华里快递超市店,117.154925,39.144725,1-6,edge,1034.7554312283062
B0GUC78C0R,速递易,117.167577,39.147435,1-6,edge,187.8520206967683
B0M67AW7Z6,妈妈驿站,117.147075,39.188225,6,center,3308.543824492277
B0FFH5PWNR,菜鸟驿站(子牙里店),117.156875,39.168125,6-9,edge,1033.0379702030782
B0M667B6TQ,妈妈驿站,117.138875,39.174525,6,center,2126.9638143585307
B0L0JBF9KE,兔喜快递超市,117.156325,39.162675,6-9,edge,478.3284352839616
B0L0JKE2TV,兔喜快递,117.157975,39.171825,6-9,edge,1428.2237597778228
B0L1SRQK2E,中通快递站点,117.165525,39.167175,6-9,edge,885.1926100439216
B0M6JUDP3A,丰巢智能柜(八段大楼东北1门丰巢柜3号柜店),117.157025,39.180625,6-9,edge,2410.1470747703197
B0M6F90XB0,丰巢柜2号柜,117.160374,39.178436,6-9,edge,2161.2943519103655
B0M6J6B3ZW,丰巢快递柜(子牙里店),117.157725,39.167125,6-9,edge,910.8966215233934
B0M615I57T,丰巢快递柜,117.145925,39.145525,1-6,edge,1493.9320447676757
B0L3ASTZF3,兔喜生活快递驿站,117.173625,39.155725,6-9,edge,438.51304200751764
B0LKJR2SYK,丰巢自提柜,117.168825,39.142625,1-6,edge,386.89167659372646
B0KA5R3Z16,妈妈驿站(日月路店),117.158153,39.149164,1-6,edge,476.96967996214863
B0LKMO8D50,丰巢智能柜(仁爱花园东门丰巢柜店),117.135725,39.154375,6,center,1566.6096844846495
B0LKYU3U4I,丰巢柜,117.165425,39.147125,1-6,edge,222.97029736143756
B0LK1ZCFAW,丰巢智能柜(隆春里物业楼旁居委会门前丰巢速递易柜店),117.163425,39.149425,1-6,edge,275.6882598799074
B0L29BQSK9,快递驿站,117.153689,39.161332,6,center,285.8861750010801
B0LKF1TZWF,丰巢快递柜,117.135825,39.152025,6,center,1659.9833019760329
B0L0JNECU8,丰巢快递柜(先春园纪春里店),117.167075,39.150825,1-6,edge,215.63429976632858
B0LKPBYD62,丰巢快递柜(美居花园4-5号楼间丰巢柜2号柜),117.137825,39.174675,6,center,2193.3082842528233
B0LRSK3QIM,兔喜生活(天鸿大厦店),117.184621,39.149822,6-9,edge,1109.8311588930228
B0FFGPKFX1,速递易,117.156525,39.144925,1-6,edge,940.3020561691613
B0M63CABFO,格格货栈,117.141175,39.149425,6,center,1457.9210708265803
B0L354CKTW,速递易柜,117.135206,39.154297,6,center,1611.8205941034234
B0LRLKLQEM,丰巢(怡德路店),117.154311,39.143924,1-6,edge,1137.9315318499823
B0LUKATT82,丰巢柜,117.141425,39.174825,6,center,2038.5832136061924
B0L037CLHV,兔喜快递驿站,117.155275,39.168025,6,center,1042.4171587165677
B0L0J6DTT3,兔喜快递驿站,117.164925,39.148975,1-6,edge,140.83785210143225
B0KU1XKH1N,中通快递,117.184621,39.149699,6-9,edge,1123.5057398534564
B0G2XRN6RJ,快宝驿站(流霞里店),117.175699,39.168164,6-9,edge,973.8345498317793
B0LG97X512,七段大楼快递驿站,117.150075,39.180825,6,center,2459.163411527568
B0LK9RAPJS,格格快递柜,117.158575,39.171325,6-9,edge,1369.6337152939413
B0FFI59V2X,丰巢快递柜(水木天成阁林园店),117.136323,39.161553,6,center,1466.6115617774078
B0MBN6RS45,福源楼快递柜,117.153775,39.183325,6,center,2725.3927377809396
B0KUDLVFZ5,丰巢快递柜,117.153675,39.152225,1-6,edge,493.1013794384845
B0KUDL7EBB,丰巢快递柜,117.161016,39.170159,6-9,edge,1248.0973135217869
B0KUDO9MS7,快宝驿站(桃花园南里小区店),117.17064,39.179103,6-9,edge,2192.106124453416
B0FFJ7XK8M,丰巢快递柜(红桥区咸阳北路街社区卫生服务中心店),117.146271,39.18145,6,center,2581.336842195608
B0K0VNEPN4,丰巢快递柜(海河华鼎大厦店),117.191775,39.147325,1-6,edge,1362.142631702139
B0IRYRAOGZ,丰巢快递柜(银泰大厦店),117.14286,39.176752,6,center,2175.635847093089
B0FFJDT6K0,丰巢快递柜(银杏公寓店),117.170425,39.169075,6-9,edge,1081.3523846944427
B0KKZZROVZ,兔喜生活,117.140575,39.151575,6,center,1338.2302020807895
B0LG2CKEUK,天津市红桥妇幼保健计划生育服务中心,117.174585,39.166054,6-9,edge,776.4779633808596
B0J156SE7D,达康电动轮椅爬楼轮椅专卖店,117.162927,39.173445,6-9,edge,1598.2232840695508
